BlobID,Description,Compound Name,LRI I,Library RI,Library Match Factor,Group Name,Inclusion,Internal Standard,Retention I (min),Retention II (sec),Peak Value,Volume,Library Name,Library Formula,Library ID,Library Molecular Weight,Characteristic Ions,Characteristic Ions Response
23,,1-chloro octane_CAICE_vocstand_incomplete,1090.0,1090.0,933,Matched_from_stand,true,0,26.66674573333513,1.5399995996001041,241538.0,1724390.0,caice_voc_incomplete,-,1,0,,
84,,Styrene_CAICE_vocstand_incomplete,925.4545454545455,924.0,925,Matched_from_stand,true,0,19.500080930001317,3.8599989964002606,83873.0,1671720.0,caice_voc_incomplete,-,34,0,,
139,,Acetophenone_CAICE_vocstand_incomplete,1144.6808510638298,1131.0,814,Matched_from_stand,true,0,28.833411836668613,2.279999407200154,47066.0,883728.0,caice_voc_incomplete,-,8,0,,
232,,Geranylacetone_CAICE_vocstand_incomplete,1769.6969696969697,,822,Matched_from_stand,true,0,49.250073195003324,2.8799992512001946,11200.0,583105.0,caice_voc_incomplete,-,27,0,,
154,,Geranylacetone_CAICE_vocstand_incomplete,,,864,Matched_from_stand,true,0,53.00007222000358,3.3799991212002283,36442.0,527952.0,caice_voc_incomplete,-,27,0,,
168,limonene,Limonene_CAICE_vocstand_incomplete,1044.0,1045.0,887,Matched_from_stand,true,0,24.75007956500167,1.5599995944001053,31365.0,303593.0,caice_voc_incomplete,-,29,0,,
364,,gamma aminobutyric acid_CAICE_vocstand_incomplete,1072.0,1075.0,857,Matched_from_stand,true,0,25.916745928335082,4.059998944400275,5722.0,137422.0,caice_voc_incomplete,-,40,0,,
516,,Benzophenone_CAICE_vocstand_incomplete,1739.3939393939393,1742.0,777,Matched_from_stand,true,0,48.4167400783366,4.079998939200276,2959.0,121884.0,caice_voc_incomplete,-,10,0,,
308,,Naphthalene_CAICE_vocstand_incomplete,1250.0,1232.0,834,Matched_from_stand,true,0,32.83341079666888,1.2399996776000837,7052.0,104336.0,caice_voc_incomplete,-,31,0,,
536,,Biphenyl_CAICE_vocstand_incomplete,1448.7179487179487,1446.0,789,Matched_from_stand,true,0,39.66674235333601,1.259999672400085,2788.0,72983.0,caice_voc_incomplete,-,13,0,,
413,,6-methyl-5-hepten-2-one_CAICE_vocstand_incomplete,1042.0,1045.0,803,Matched_from_stand,true,0,24.666746253335,2.8599992564001933,4827.0,56234.0,caice_voc_incomplete,-,7,0,,
628,,Geranylacetone_CAICE_vocstand_incomplete,1790.909090909091,,770,Matched_from_stand,true,0,49.833406376670034,3.019999214800204,2098.0,50376.0,caice_voc_incomplete,-,27,0,,
498,,beta cyclocitral_CAICE_vocstand_incomplete,1290.909090909091,1289.0,859,Matched_from_stand,true,0,34.33341040666899,3.2399991576002187,3333.0,43051.0,caice_voc_incomplete,-,38,0,,
633,,"3,4 dihydroxybenzoic acid_CAICE_vocstand_incomplete",865.0000000000001,865.0,795,Matched_from_stand,true,0,16.583415021667786,1.259999672400085,1907.0,40503.0,caice_voc_incomplete,-,5,0,,
583,,Styrene_CAICE_vocstand_incomplete,923.6363636363637,924.0,825,Matched_from_stand,true,0,19.416747618334643,4.719998772800319,2247.0,26704.0,caice_voc_incomplete,-,34,0,,
2,,"Cyclotetrasiloxane, octamethyl-",992.7272727272727,997.0,639,,true,0,22.58341346166819,0.5599998544000379,1501547.0,2.8051166E7,mainlib,C8H24O4Si4,220100,296,,
11,,"Cyclotrisiloxane, hexamethyl-",828.3333333333335,851.0,812,,true,0,14.750082165000997,0.6599998284000446,847991.0,2.4154905E7,mainlib,C6H18O3Si3,188945,222,,
3,,"Cyclopentasiloxane, decamethyl-",1148.936170212766,1175.0,672,,true,0,29.000078460001955,0.5599998544000379,1431595.0,1.7042931E7,mainlib,C10H30O5Si5,234336,370,,
5,,2-Decen-1-ol,1157.4468085106382,,787,,true,0,29.333411706668645,2.1399994436001446,1120903.0,1.6060171E7,mainlib,C10H20O,23342,156,,
8,,"Furan, 2-[(2-ethoxy-3,4-dimethyl-2-cyclohexen-1-ylidene)methyl]-",1694.2857142857144,,671,,true,0,47.166740403336526,3.3999991160002296,981909.0,1.503009E7,mainlib,C15H20O2,201842,232,,
6,,"Cyclotetrasiloxane, octamethyl-",985.4545454545455,997.0,834,,true,0,22.2500802150015,0.5599998544000379,1121599.0,1.1252699E7,mainlib,C8H24O4Si4,220100,296,,
15,,"Pentadecane, 5-methyl-",1554.054054054054,1547.0,855,,true,0,43.0000748200029,0.9599997504000648,632757.0,8154927.0,mainlib,C16H34,7652,226,,
7,,"Cyclohexasiloxane, dodecamethyl-",1319.5121951219512,1335.0,739,,true,0,35.33341014666905,0.5399998596000365,1104467.0,7308626.0,mainlib,C12H36O6Si6,44297,444,,
14,,"Tridecane, 5-methyl-",1356.09756097561,1348.0,817,,true,0,36.58340982166914,0.8799997712000595,749147.0,6833367.0,mainlib,C14H30,7941,198,,
9,,"Cyclopentane, 1-hexyl-3-methyl-",1405.1282051282053,,809,,true,0,38.25007605500259,1.0599997244000716,940575.0,6831366.0,mainlib,C12H24,20766,168,,
12,,"Tridecane, 3-methyl-",1373.170731707317,1371.0,842,,true,0,37.16674300333584,0.8999997660000608,852937.0,5519443.0,mainlib,C14H30,24383,198,,
18,,"Hexadecen-1-ol, trans-9-",1608.5714285714284,,820,,true,0,44.666741053336345,1.1599996984000784,513588.0,5295546.0,mainlib,C16H32O,2439,240,,
17,,1-Tetradecene,1400.0,1392.0,874,,true,0,38.08340943166924,1.079999719200073,542697.0,4158032.0,mainlib,C14H28,7220,196,,
16,,1-Dodecene,1197.872340425532,1190.0,890,,true,0,30.91674462833542,0.9799997452000662,587009.0,3509566.0,mainlib,C12H24,2407,168,,
19,,"Pentadecane, 3-methyl-",1572.9729729729731,1570.0,833,,true,0,43.58340800166961,0.9799997452000662,399323.0,3288918.0,mainlib,C16H34,24032,226,,
29,,"Phenol, 3,5-bis(1,1-dimethylethyl)-",1611.4285714285716,,843,,true,0,44.75007436500302,3.3999991160002296,156754.0,3147263.0,mainlib,C14H22O,177141,206,,
20,,1-Decene,996.3636363636364,989.0,902,,true,0,22.75008008500153,0.8799997712000595,361073.0,2602438.0,mainlib,C10H20,22306,140,,
87,,"Phthalic acid, ethyl hex-2-yn-4-yl ester",1703.030303030303,,798,,true,0,47.41674033833654,2.2999994020001555,73454.0,2405460.0,mainlib,C16H18O4,138891,274,,
21,,1-Undecene,1098.0,1091.0,880,,true,0,27.00007898000182,0.9199997608000622,346524.0,2010740.0,mainlib,C11H22,7195,154,,
138,,"2,4(1H,3H)-Pyrimidinedione, 3,6-dimethyl-",1295.4545454545455,,630,,true,0,34.50007703000233,4.119998928800278,48530.0,1612821.0,mainlib,C6H8N2O2,5245,140,,
24,,2-Decen-1-ol,1259.090909090909,,824,,true,0,33.16674404333557,2.1399994436001446,223494.0,1607650.0,mainlib,C10H20O,23342,156,,
31,,"2-Octen-1-ol, (E)-",1054.0,1067.0,767,,true,0,25.16674612333503,2.1799994332001473,154391.0,1447151.0,mainlib,C8H16O,23533,128,,
25,,"Cycloheptasiloxane, tetradecamethyl-",1492.3076923076922,1502.0,713,,true,0,41.08340865166944,0.5599998544000379,261945.0,1165047.0,mainlib,C14H42O7Si7,43769,518,,
88,,2-Ethyl-1-hexanol,1088.0,,868,,true,0,26.58341242166846,4.319998876800292,71121.0,1095218.0,mainlib,C8H18O,23415,130,,
137,,"ethanone, 2,2-dichloro-2-fluoro-1-phenyl-",1030.0,,829,,true,0,24.166746383334964,2.999999220000203,48627.0,1066336.0,mainlib,C8H5Cl2FO,79074,206,,
32,,Cetene,1597.2972972972975,1592.0,892,,true,0,44.33340780666966,1.1599996984000784,162598.0,989149.0,mainlib,C16H32,6029,224,,
36,,"2,2,7,7-Tetramethyloctane",1024.0,1036.0,835,,true,0,23.916746448334948,0.6599998284000446,160928.0,923171.0,mainlib,C12H26,24865,170,,
30,,"Octane, 2,2,6-trimethyl-",961.818181818182,964.0,836,,true,0,21.16674716333476,0.6599998284000446,177729.0,908214.0,mainlib,C11H24,24884,156,,
82,,cis-2-Nonene,896.6666666666667,902.0,890,,true,0,18.166747943334556,0.8399997816000567,105553.0,885510.0,mainlib,C9H18,19137,126,,
80,,"Octadecane, 2,6-dimethyl-",1532.4324324324325,,812,,true,0,42.33340832666953,0.9399997556000635,119994.0,845582.0,mainlib,C20H42,24277,282,,
86,,"E,Z-4-Ethylidenecyclohexene",878.3333333333335,,876,,true,0,17.250081515001163,1.6999995580001148,75789.0,806532.0,mainlib,C8H12,49199,108,,
83,,"Tetradecane, 4-ethyl-",1537.837837837838,1548.0,771,,true,0,42.50007495000287,0.9599997504000648,102469.0,701333.0,mainlib,C16H34,7830,226,,
34,,"Hexasiloxane, tetradecamethyl-",1400.0,1353.0,672,,true,0,38.08340943166924,0.5799998492000392,165656.0,697444.0,mainlib,C14H42O5Si6,43443,458,,
123,,"Cyclopentene, 1-ethenyl-3-methylene-",921.818181818182,,871,,true,0,19.333414306667972,2.7199992928001837,57647.0,650996.0,mainlib,C8H10,61094,106,,
90,,"2-Propenoic acid, 2-methyl-, 3,3,5-trimethylcyclohexyl ester",1392.6829268292684,,902,,true,0,37.83340949666922,1.9799994852001337,73047.0,597861.0,mainlib,C13H22O2,85790,210,,
143,,"Heptadecane, 2,6-dimethyl-",1516.2162162162165,,827,,true,0,41.833408456669495,0.9199997608000622,51485.0,566331.0,mainlib,C19H40,24284,268,,
77,,"Tetrasiloxane, decamethyl-",1064.0,1028.0,707,,true,0,25.583412681668392,0.49999987000003376,166695.0,526036.0,mainlib,C10H30O3Si4,188653,310,,
175,,4-Cyanocyclohexene,1106.3829787234042,,824,,true,0,27.333412226668507,1.2399996776000837,24561.0,521965.0,mainlib,C7H9N,18606,107,,
161,,"2,5-Cyclohexadien-1-one, 2,6-bis(1,1-dimethylethyl)-4-ethylidene-",1700.0,,777,,true,0,47.33340702666987,2.839999261600192,33716.0,506631.0,mainlib,C16H24O,194380,232,,
172,,"1,4-Dioxin, 2,3-dihydro-5,6-dimethyl-",850.0000000000001,,736,,true,0,15.833415216667735,3.1199991888002105,26880.0,498198.0,mainlib,C6H10O2,5486,114,,
157,,"3-Undecene, 9-methyl-, (Z)-",1125.531914893617,,814,,true,0,28.083412031668562,0.8799997712000595,38945.0,486820.0,mainlib,C12H24,37306,168,,
134,,"Heptane, 5-ethyl-2,2,3-trimethyl-",1060.0,,839,,true,0,25.416746058335047,0.7199998128000487,58006.0,486153.0,mainlib,C12H26,24883,170,,
131,,"3-Eicosene, (E)-",1697.142857142857,,865,,true,0,47.25007371500319,1.199999688000081,58455.0,482962.0,mainlib,C20H40,25133,280,,
140,,"1-Nonadecanamine, N,N-dimethyl-",1715.151515151515,,861,,true,0,47.75007358500322,1.2799996672000864,52081.0,481442.0,mainlib,C21H45N,27957,311,,
81,,"Cyclopentane, nonyl-",1458.9743589743591,1451.0,842,,true,0,40.0000756000027,1.139999703600077,115557.0,467361.0,mainlib,C14H28,35219,196,,
179,,"Decane, 2,5,9-trimethyl-",1117.0212765957447,,860,,true,0,27.75007878500187,0.7599998024000514,25609.0,448215.0,mainlib,C13H28,24279,184,,
144,,"Heptadecane, 2,6-dimethyl-",1745.4545454545453,,835,,true,0,48.583406701669944,1.0399997296000703,49042.0,446356.0,mainlib,C19H40,24284,268,,
133,,"Sulfurous acid, hexyl tetradecyl ester",1751.5151515151515,,801,,true,0,48.75007332500329,1.0399997296000703,57746.0,442167.0,mainlib,C20H42O3S,54698,362,,
185,,"1H-Tetrazole, 1-methyl-",851.6666666666667,,739,,true,0,15.916748528334407,4.279998887200289,22328.0,437873.0,mainlib,C2H4N4,18891,84,,
160,,"Sulfurous acid, decyl 2-ethylhexyl ester",1464.1025641025642,,815,,true,0,40.16674222333605,0.8799997712000595,36121.0,432781.0,mainlib,C18H38O3S,25231,334,,
187,,"Decane, 6-ethyl-2-methyl-",1090.0,,818,,true,0,26.66674573333513,0.7599998024000514,22470.0,427885.0,mainlib,C13H28,24268,184,,
142,,"Octane, 2,3,6,7-tetramethyl-",1040.0,,817,,true,0,24.583412941668325,0.6999998180000473,51723.0,414370.0,mainlib,C12H26,8890,170,,
153,,"1,10-Dicyanodecane",1165.9574468085107,,771,,true,0,29.666744953335336,3.4599991004002337,36970.0,401922.0,mainlib,C12H20N2,3709,192,,
85,,"Cyclopropane, nonyl-",1297.727272727273,1285.0,868,,true,0,34.58341034166901,1.019999734800069,92123.0,391069.0,mainlib,C12H24,19853,168,,
166,,"Decane, 2,5,9-trimethyl-",1080.0,,864,,true,0,26.25007917500177,0.7199998128000487,32392.0,372120.0,mainlib,C13H28,24279,184,,
165,,"2-Propenoic acid, tridecyl ester",1733.3333333333333,,806,,true,0,48.25007345500326,2.1199994488001432,32105.0,363152.0,mainlib,C16H30O2,19633,254,,
129,,"3,5-Dimethyldodecane",1341.4634146341464,,793,,true,0,36.083409951669104,0.8599997764000581,67430.0,356753.0,mainlib,C14H30,24309,198,,
183,,"Hexanal, 5-methyl-",950.909090909091,,774,,true,0,20.666747293334726,2.21999942280015,23136.0,341299.0,mainlib,C7H14O,7181,114,,
158,,"Decane, 2,5,9-trimethyl-",976.3636363636365,,825,,true,0,21.83341365666814,0.6599998284000446,38883.0,339566.0,mainlib,C13H28,24279,184,,
162,,"Decane, 2,5,9-trimethyl-",1066.0,,860,,true,0,25.666745993335063,0.7199998128000487,37354.0,326695.0,mainlib,C13H28,24279,184,,
119,,"Tridecane, 3-methylene-",1392.6829268292684,1407.0,851,,true,0,37.83340949666922,1.0599997244000716,66241.0,321102.0,mainlib,C14H28,37325,196,,
208,,"Cyclobutene, 2-propenylidene-",,,840,,true,0,12.916749308334206,2.619999318800177,14343.0,318063.0,mainlib,C7H8,60523,92,,
155,,"1,4-Methanoazulen-9-one, decahydro-1,5,5,8a-tetramethyl-, [1R-(1α,3aß,4α,8aß)]-",1543.2432432432433,,728,,true,0,42.66674157333622,2.579999329200174,37263.0,304329.0,mainlib,C15H24O,68847,220,,
93,,"1,1,1,3,5,5,7,7,7-Nonamethyl-3-(trimethylsiloxy)tetrasiloxane",1234.0909090909092,,813,,true,0,32.250077615002176,0.5199998648000351,88520.0,302174.0,mainlib,C12H36O4Si5,43768,384,,
207,,"2-Undecanethiol, 2-methyl-",1110.6382978723404,,840,,true,0,27.500078850001852,0.8599997764000581,15381.0,300251.0,mainlib,C12H26S,2827,202,,
289,,"1-Hexadecanol, 2-methyl-",1775.7575757575758,,708,,true,0,49.416739818336666,0.9799997452000662,7826.0,299966.0,mainlib,C17H36O,24113,256,,
189,,"Heptadecane, 2,3-dimethyl-",1772.727272727273,,777,,true,0,49.33340650667,1.0599997244000716,22127.0,298828.0,mainlib,C19H40,7823,268,,
184,,"Cyclotetrasiloxane, octamethyl-",990.909090909091,997.0,846,,true,0,22.500080150001516,1.2799996672000864,24489.0,292524.0,mainlib,C8H24O4Si4,220100,296,,
150,,1-Octene,,789.0,867,,true,0,13.166749243334221,0.799999792000054,44736.0,291939.0,mainlib,C8H16,7192,112,,
192,,1-Iodo-2-methylundecane,1724.2424242424245,,809,,true,0,48.00007352000325,1.019999734800069,22218.0,291184.0,mainlib,C12H25I,24226,296,,
163,,"Cyclopentane, 1-hexyl-3-methyl-",,,788,,true,0,50.500072870003414,1.259999672400085,34696.0,286501.0,mainlib,C12H24,20766,168,,
487,,"Hydroxylamine, O-decyl-",,1100.0,777,,true,0,55.25007163500373,3.1599991784002133,3418.0,284472.0,mainlib,C10H23NO,7630,173,,
210,,"Oxalic acid, 6-ethyloct-3-yl isohexyl ester",1151.0638297872342,,675,,true,0,29.08341177166863,0.8399997816000567,15133.0,280094.0,mainlib,C18H34O4,9852,314,,
200,,"3,5-Dimethyldodecane",1471.7948717948718,,837,,true,0,40.41674215833606,0.8799997712000595,19753.0,279621.0,mainlib,C14H30,24309,198,,
124,,"2-Dodecene, (Z)-",1209.090909090909,1202.0,880,,true,0,31.33341118666878,0.9799997452000662,67805.0,273472.0,mainlib,C12H24,19645,168,,
174,,"1-Pentadecanamine, N,N-dimethyl-",1516.2162162162165,,864,,true,0,41.833408456669495,1.199999688000081,30276.0,271727.0,mainlib,C17H37N,28243,255,,
132,,"2-Tetradecene, (E)-",1423.076923076923,,871,,true,0,38.83340923666929,1.0999997140000743,60493.0,265644.0,mainlib,C14H28,19076,196,,
170,,"Cyclopentane, undecyl-",1665.7142857142856,1660.0,819,,true,0,46.33340728666979,1.2399996776000837,30290.0,259074.0,mainlib,C16H32,35222,224,,
148,,"Cyclopropane, 1-methyl-2-octyl-",1220.4545454545455,,837,,true,0,31.75007774500214,0.9999997400000675,48369.0,243520.0,mainlib,C12H24,22305,168,,
268,,"3,5-Di-tert-butylbenzoic acid",,,792,,true,0,53.00007222000358,1.199999688000081,8585.0,241423.0,mainlib,C15H22O2,195238,234,,
151,,"Heptasiloxane, hexadecamethyl-",1559.4594594594596,1553.0,745,,true,0,43.16674144333625,0.5799998492000392,49789.0,238066.0,mainlib,C16H48O6Si7,43444,532,,
226,,"Heptadecane, 2,6-dimethyl-",1648.5714285714284,,848,,true,0,45.83340741666976,0.9399997556000635,13907.0,230005.0,mainlib,C19H40,24284,268,,
145,,"2-Mercapto-4,6-dimethylnicotinonitrile, TBDMS derivative",883.3333333333335,,710,,true,0,17.50008145000118,0.4799998752000324,54462.0,229313.0,mainlib,C14H22N2SSi,196690,278,,
336,,"4,6-di-tert-Butyl-m-cresol",1781.818181818182,,674,,true,0,49.583406441670014,0.6399998336000432,6393.0,226268.0,mainlib,C15H24O,187214,220,,
440,,"2-Propanone, 1-hydroxy-",,665.0,907,,true,0,11.500083010000775,3.5999990640002433,4201.0,225481.0,mainlib,C3H6O2,5637,74,,
195,,"3-Hexanone, 2,5-dimethyl-4-nitro-",1662.857142857143,,747,,true,0,46.250073975003126,1.9199995008001296,20221.0,224252.0,mainlib,C8H15NO3,8823,173,,
167,,"Decane, 2,2,4-trimethyl-",1032.0,,842,,true,0,24.250079695001638,0.6799998232000459,33133.0,218871.0,mainlib,C13H28,24834,184,,
201,,"Cyclohexane, undecyl-",1772.727272727273,1760.0,836,,true,0,49.33340650667,1.3199996568000891,19052.0,215429.0,mainlib,C17H34,52781,238,,
247,,"Tetradecane, 1-iodo-",1662.857142857143,,827,,true,0,46.250073975003126,0.9999997400000675,10154.0,208838.0,mainlib,C14H29I,24067,324,,
235,,"Sulfurous acid, decyl 2-ethylhexyl ester",1709.090909090909,,794,,true,0,47.58340696166988,0.9999997400000675,12071.0,208764.0,mainlib,C18H38O3S,25231,334,,
290,,"Cyclobutanol, 2-ethyl-",848.3333333333335,,755,,true,0,15.750081905001062,2.319999396800157,7624.0,194830.0,mainlib,C6H12O,24580,100,,
205,,"Octane, 5-ethyl-2-methyl-",1131.9148936170213,,839,,true,0,28.333411966668578,0.799999792000054,18525.0,191675.0,mainlib,C11H24,7872,156,,
173,,tert-Butyl glycidyl ether,1044.0,,774,,true,0,24.75007956500167,0.8199997868000554,30506.0,190539.0,mainlib,C7H14O2,26453,130,,
220,,1-Iodo-2-methylundecane,1688.5714285714287,,827,,true,0,47.00007378000318,0.9799997452000662,14191.0,188896.0,mainlib,C12H25I,24226,296,,
190,,trans-2-Undecen-1-ol,1772.727272727273,,858,,true,0,49.33340650667,2.159999438400146,21175.0,186561.0,mainlib,C11H22O,23443,170,,
178,,"Octane, 2,3,7-trimethyl-",1319.5121951219512,,818,,true,0,35.33341014666905,0.8399997816000567,28857.0,183203.0,mainlib,C11H24,24295,156,,
204,,1-Propenylaziridine,1062.0,,706,,true,0,25.50007937000172,3.639999053600246,16600.0,179834.0,mainlib,C5H9N,2872,83,,
324,,"Ethane-1,2-diimine, N,N'-diamino-",1044.0,,722,,true,0,24.75007956500167,2.21999942280015,7129.0,165278.0,mainlib,C2H6N4,5599,86,,
177,,1-Iodo-2-methylundecane,1508.1081081081084,,821,,true,0,41.583408521669476,0.9199997608000622,27679.0,163029.0,mainlib,C12H25I,24226,296,,
233,,"Heptanenitrile, 7-oxo-",958.1818181818182,,765,,true,0,21.000080540001417,3.9199989808002647,11720.0,161294.0,mainlib,C7H11NO,2616,125,,
196,,"5-Undecene, 3-methyl-, (E)-",1591.8918918918919,,845,,true,0,44.16674118333631,1.139999703600077,20488.0,160981.0,mainlib,C12H24,37299,168,,
199,,3-Amino-5-t-butylisoxazole,1281.8181818181818,,640,,true,0,34.00007716000229,2.4199993708001633,18347.0,157422.0,mainlib,C7H12N2O,109760,140,,
156,,"Dodecane, 2,7,10-trimethyl-",1336.5853658536587,,786,,true,0,35.91674332833576,0.8599997764000581,41455.0,155897.0,mainlib,C15H32,25403,212,,
304,,Methyl glyoxal,916.3636363636364,,782,,true,0,19.083414371667953,3.2199991628002174,7224.0,155459.0,mainlib,C3H4O2,5468,72,,
301,,"Cyclotrisiloxane, hexamethyl-",,851.0,815,,true,0,12.3334161266675,0.799999792000054,7547.0,155099.0,mainlib,C6H18O3Si3,188945,222,,
340,,"4,4-Dimethylazetidin-2-one",1042.0,,700,,true,0,24.666746253335,2.3599993864001596,6281.0,153704.0,mainlib,C5H9NO,22109,99,,
206,,"3-Heptyne-2,6-dione, 5-methyl-5-(1-methylethyl)-",1336.5853658536587,,768,,true,0,35.91674332833576,2.059999464400139,15671.0,152552.0,mainlib,C11H16O2,11703,180,,
514,,"1H-Imidazole-4-ethanamine, ß-methyl-",912.7272727272727,,754,,true,0,18.916747748334608,3.7199990328002515,3046.0,149909.0,mainlib,C6H11N3,68322,125,,
164,,1-Iodo-2-methylundecane,1524.3243243243244,,795,,true,0,42.08340839166951,0.9399997556000635,36209.0,148529.0,mainlib,C12H25I,24226,296,,
221,,2-Decen-1-ol,1464.1025641025642,,864,,true,0,40.16674222333605,2.1399994436001446,13410.0,145703.0,mainlib,C10H20O,23342,156,,
246,,"Silane, trimethyl(3-methyl-1-butynyl)-",1428.2051282051284,,733,,true,0,39.00007586000264,2.9799992252002014,10111.0,139908.0,mainlib,C8H16Si,109245,140,,
278,,"Octane, 6-ethyl-2-methyl-",1451.2820512820513,,806,,true,0,39.75007566500268,0.8999997660000608,9110.0,138586.0,mainlib,C11H24,8896,156,,
176,,"Sulfurous acid, 2-ethylhexyl isohexyl ester",1497.4358974358975,,811,,true,0,41.250075275002786,0.799999792000054,29176.0,138544.0,mainlib,C14H30O3S,24182,278,,
434,,1-Iodo-2-methylundecane,1637.142857142857,,797,,true,0,45.50007417000307,0.9799997452000662,4530.0,137487.0,mainlib,C12H25I,24226,296,,
358,,Methyl Isobutyl Ketone,,735.0,803,,true,0,12.833415996667533,2.1399994436001446,5878.0,135452.0,mainlib,C6H12O,8057,100,,
186,,4-Trifluoroacetoxyhexadecane,1581.081081081081,,807,,true,0,43.83340793666962,1.1199997088000757,24528.0,134998.0,mainlib,C18H33F3O2,19591,338,,
258,,"Acetophenone, 3'-fluoro-4'-methoxy-",1620.0,,571,,true,0,45.000074300003035,3.779999017200255,8872.0,133602.0,mainlib,C9H9FO2,143281,168,,
237,,o-Xylene,895.0000000000001,887.0,833,,true,0,18.083414631667885,2.4799993552001673,10768.0,131841.0,mainlib,C8H10,61100,106,,
480,,"Sulfurous acid, butyl 2-ethylhexyl ester",,,782,,true,0,51.33340598667014,1.0999997140000743,3580.0,130790.0,mainlib,C12H26O3S,25227,250,,
283,,"Cyclopropane, 1-heptyl-2-methyl-",1532.4324324324325,,858,,true,0,42.33340832666953,3.6199990588002446,8170.0,127869.0,mainlib,C11H22,22317,154,,
219,,"1-Octanol, 2,2-dimethyl-",1608.5714285714284,,782,,true,0,44.666741053336345,1.019999734800069,13884.0,126048.0,mainlib,C10H22O,7855,158,,
215,,"Nonane, 3,7-dimethyl-",,1038.0,786,,true,0,50.333406246670066,1.0999997140000743,14590.0,122589.0,mainlib,C11H24,25334,156,,
229,,1-Iodo-2-methylundecane,,,837,,true,0,53.16673884333692,1.2399996776000837,12787.0,120586.0,mainlib,C12H25I,24226,296,,
214,,"Decane, 2,2,4-trimethyl-",1014.0000000000001,,873,,true,0,23.500079890001587,0.6599998284000446,15066.0,119697.0,mainlib,C13H28,24834,184,,
224,,"Decane, 2,2,4-trimethyl-",1072.0,,822,,true,0,25.916745928335082,0.6999998180000473,12790.0,115609.0,mainlib,C13H28,24834,184,,
222,,"Octane, 2,3,7-trimethyl-",1108.5106382978724,,844,,true,0,27.41674553833518,0.7599998024000514,13260.0,113765.0,mainlib,C11H24,24295,156,,
198,,"Undecane, 5-methyl-",1157.4468085106382,1156.0,861,,true,0,29.333411706668645,0.799999792000054,21161.0,112431.0,mainlib,C12H26,7877,170,,
193,,"Undecane, 3-methyl-",1172.340425531915,1170.0,832,,true,0,29.91674488833535,0.799999792000054,23732.0,111822.0,mainlib,C12H26,24355,170,,
537,,"Benzoic acid, 2-(1-oxopropyl)-",870.0000000000001,,580,,true,0,16.833414956667802,3.5599990744002405,2654.0,111518.0,mainlib,C10H10O3,137149,178,,
194,,"1,4-Undecadiene, (E)-",1140.4255319148938,,809,,true,0,28.66674521333527,1.259999672400085,21080.0,111242.0,mainlib,C11H20,18640,152,,
743,,"Silane, trichlorodocosyl-",,,676,,true,0,54.333405206670335,2.9399992356001987,1232.0,111227.0,mainlib,C22H45Cl3Si,6092,442,,
236,,"Decane, 3-ethyl-3-methyl-",1757.5757575757575,,764,,true,0,48.916739948336634,1.0999997140000743,11645.0,110736.0,mainlib,C13H28,24460,184,,
366,,"1-Pentadecanamine, N,N-dimethyl-",,,834,,true,0,53.75007202500363,1.5199996048001028,6056.0,105162.0,mainlib,C17H37N,28243,255,,
376,,"Oxalic acid, allyl hexadecyl ester",1796.969696969697,,821,,true,0,50.000073000003376,1.2199996828000823,5866.0,104728.0,mainlib,C21H38O4,2467,354,,
456,,"Phosphonic acid, (p-hydroxyphenyl)-",1140.4255319148938,,793,,true,0,28.66674521333527,3.579999069200242,3771.0,103762.0,mainlib,C6H7O4P,67036,174,,
263,,"1,10-Dicyanodecane",1270.4545454545455,,810,,true,0,33.58341060166893,3.299999142000223,8734.0,101783.0,mainlib,C12H20N2,3709,192,,
244,,"Cyclobutene, 2-propenylidene-",1187.2340425531916,,792,,true,0,30.500078070002058,2.1399994436001446,10344.0,99225.0,mainlib,C7H8,60523,92,,
560,,"Benzene, 1-(1-hydroxyheptyl)-3-[1-(tetrahydropyran-2-yloxy)heptyl]-",1778.787878787879,,652,,true,0,49.500073130003344,3.819999006800258,2504.0,97420.0,mainlib,C25H42O3,196408,390,,
334,,Benzyl 2-chloroethyl sulfone,1070.0,,811,,true,0,25.833412616668408,0.9999997400000675,6713.0,97141.0,mainlib,C9H11ClO2S,59481,218,,
249,,2-Decen-1-ol,1363.4146341463415,,822,,true,0,36.833409756669155,2.1199994488001432,10360.0,97024.0,mainlib,C10H20O,23342,156,,
341,,3-tert-Butyl-2-pyrazolin-5-one,1671.4285714285713,,623,,true,0,46.50007391000314,4.799998752000324,6381.0,96394.0,mainlib,C7H12N2O,109766,140,,
213,,"N-(Trifluoroacetyl)-N,O,O',O''-tetrakis(trimethylsilyl)norepinephrine",1660.0,,708,,true,0,46.16674066333645,0.5799998492000392,18658.0,94285.0,mainlib,C22H42F3NO4Si4,44144,553,,
520,,"1-Decanol, 5,9-dimethyl-",1622.857142857143,,707,,true,0,45.08340761166971,1.019999734800069,3053.0,93463.0,mainlib,C12H26O,2477,186,,
310,,"Decane, 2,5,9-trimethyl-",1412.820512820513,,849,,true,0,38.50007599000261,0.8799997712000595,7619.0,93413.0,mainlib,C13H28,24279,184,,
197,,"Octane, 2,3,3-trimethyl-",1086.0,,837,,true,0,26.500079110001785,0.7599998024000514,20881.0,91279.0,mainlib,C11H24,7835,156,,
640,,"Hydroxylamine, O-decyl-",,1100.0,696,,true,0,55.58340488167042,1.4399996256000973,1950.0,91169.0,mainlib,C10H23NO,7630,173,,
287,,o-Xylene,886.6666666666667,887.0,759,,true,0,17.666748073334524,2.4199993708001633,7907.0,90482.0,mainlib,C8H10,61100,106,,
378,,Dodecanal,,1409.0,815,,true,0,52.3334057266702,2.3599993864001596,5785.0,90028.0,mainlib,C12H24O,3047,184,,
373,,"Phthalic acid, ethyl pentyl ester",1703.030303030303,,830,,true,0,47.41674033833654,3.199999168000216,5576.0,89564.0,mainlib,C15H20O4,138922,264,,
307,,"Benzene, 1,2,3-trimethyl-",1024.0,1013.0,843,,true,0,23.916746448334948,2.559999334400173,7330.0,86715.0,mainlib,C9H12,80889,120,,
397,,"2-Undecanethiol, 2-methyl-",1138.2978723404256,,788,,true,0,28.583411901668594,0.9199997608000622,5447.0,86273.0,mainlib,C12H26S,2827,202,,
225,,"Bicyclo[2.2.2]oct-7-en-2-one, 5-methylene-",1086.0,,802,,true,0,26.500079110001785,2.159999438400146,12825.0,86078.0,mainlib,C9H10O,65122,134,,
294,,2-Ethylbutyl acrylate,1052.0,,727,,true,0,25.08341281166836,0.8999997660000608,7676.0,85845.0,mainlib,C9H16O2,20906,156,,
260,,1-Iodo-2-methylundecane,1736.3636363636363,,779,,true,0,48.33340676666993,1.019999734800069,9423.0,85747.0,mainlib,C12H25I,24226,296,,
467,,"Benzoic acid, 4-methyl-2-trimethylsilyloxy-, trimethylsilyl ester",1781.818181818182,,544,,true,0,49.583406441670014,0.33999991160002296,3654.0,84367.0,mainlib,C14H24O3Si2,219921,296,,
529,,"1-Penten-1-one, 2-methyl-",1100.0,,769,,true,0,27.08341229166849,2.779999277200188,2887.0,84308.0,mainlib,C6H10O,3322,98,,
318,,1-Hexadecanol,,1880.0,789,,true,0,52.25007241500353,1.3999996360000946,7244.0,84292.0,mainlib,C16H34O,20258,242,,
539,,"4,6-di-tert-Butyl-m-cresol",1570.2702702702704,,744,,true,0,43.50007469000294,4.899998726000331,2678.0,84131.0,mainlib,C15H24O,187214,220,,
288,,"Sulfurous acid, butyl 2-ethylhexyl ester",1018.0000000000001,,818,,true,0,23.66674651333493,0.6999998180000473,8453.0,83931.0,mainlib,C12H26O3S,25227,250,,
398,,"Butane, 1-isocyano-",920.0000000000001,,721,,true,0,19.2500809950013,3.739999027600253,5116.0,83870.0,mainlib,C5H9N,2442,83,,
391,,"Benzene, 1-ethyl-2-methyl-",989.0909090909092,970.0,780,,true,0,22.416746838334845,2.279999407200154,5401.0,82944.0,mainlib,C9H12,80896,120,,
257,,"Sulfurous acid, butyl nonyl ester",1056.0,,787,,true,0,25.2500794350017,0.8199997868000554,9595.0,82144.0,mainlib,C13H28O3S,25459,264,,
470,,"4-Hepten-2-one, (E)-",805.0,,786,,true,0,13.583415801667583,4.099998934000277,3658.0,81902.0,mainlib,C7H12O,6165,112,,
223,,"Oxalic acid, 6-ethyloct-3-yl heptyl ester",1324.3902439024391,,819,,true,0,35.500076770002394,0.8599997764000581,14258.0,81754.0,mainlib,C19H36O4,24183,328,,
503,,Cyclobutanol,1243.1818181818185,,723,,true,0,32.58341086166887,4.759998762400322,3307.0,79806.0,mainlib,C4H8O,15303,72,,
392,,"Z,Z-2,5-Pentadecadien-1-ol",1778.787878787879,,599,,true,0,49.500073130003344,1.139999703600077,5188.0,79328.0,mainlib,C15H28O,23452,224,,
639,,"Oxirane, 2-butyl-3-methyl-, cis-",1157.4468085106382,,696,,true,0,29.333411706668645,3.359999126400227,1890.0,78218.0,mainlib,C7H14O,6836,114,,
445,,"Heptadecane, 2,6-dimethyl-",1680.0,,805,,true,0,46.75007384500316,0.9599997504000648,4308.0,77280.0,mainlib,C19H40,24284,268,,
436,,"2,3-Pentanedione, 4-methyl-",,763.0,815,,true,0,12.66674937333419,2.6599993084001796,4385.0,76594.0,mainlib,C6H10O2,6211,114,,
342,,"1,3,5-Cycloheptatriene, 7-ethyl-",980.0,,791,,true,0,22.000080280001484,2.21999942280015,6362.0,76254.0,mainlib,C9H12,59559,120,,
316,,n-Nonylcyclohexane,1562.1621621621625,1556.0,820,,true,0,43.25007475500293,1.2199996828000823,7451.0,75779.0,mainlib,C15H30,52795,210,,
326,,"Dodecane, 2-methyl-",1265.909090909091,1264.0,835,,true,0,33.41674397833559,0.8199997868000554,7502.0,75514.0,mainlib,C13H28,7866,184,,
393,,"Azetidine, 3-methyl-3-phenyl-",1014.0000000000001,,870,,true,0,23.500079890001587,3.319999136800224,5268.0,75413.0,mainlib,C10H13N,98334,147,,
533,,"1H-Pyrazole, 4,5-dihydro-3,4,5-trimethyl-",985.4545454545455,,676,,true,0,22.2500802150015,4.359998866400295,2957.0,74722.0,mainlib,C6H12N2,69724,112,,
476,,"3-Decen-2-ol, (E)-",1040.0,,779,,true,0,24.583412941668325,1.2199996828000823,3781.0,74139.0,mainlib,C10H20O,33625,156,,
286,,"Tetradecane, 1-iodo-",1220.4545454545455,,830,,true,0,31.75007774500214,0.8399997816000567,8746.0,73917.0,mainlib,C14H29I,24067,324,,
322,,"Benzene, (1-butylheptyl)-",1660.0,1632.0,696,,true,0,46.16674066333645,1.759999542400119,7078.0,73355.0,mainlib,C17H28,60996,232,,
477,,"o-Toluic acid, 3,5-difluorophenyl ester",1270.4545454545455,,774,,true,0,33.58341060166893,1.3599996464000919,3533.0,73307.0,mainlib,C14H10F2O2,99138,248,,
241,,"Hexadecen-1-ol, trans-9-",1250.0,,738,,true,0,32.83341079666888,1.0399997296000703,11874.0,73067.0,mainlib,C16H32O,2439,240,,
405,,"1,3,6-Octatriene, (Z,E)-",878.3333333333335,,840,,true,0,17.250081515001163,2.459999360400166,5034.0,72825.0,mainlib,C8H12,48767,108,,
312,,"Decane, 2,5,6-trimethyl-",1052.0,,771,,true,0,25.08341281166836,0.7199998128000487,7010.0,72266.0,mainlib,C13H28,24137,184,,
426,,"2-Propenoic acid, 2-methyl-, 2-aminoethyl ester, hydrochloride",1516.2162162162165,,662,,true,0,41.833408456669495,2.839999261600192,4667.0,71557.0,mainlib,C6H11NO2,963,129,,
513,,"Oxalic acid, allyl undecyl ester",,,755,,true,0,51.66673923333682,2.7199992928001837,3086.0,71341.0,mainlib,C16H28O4,3035,284,,
380,,"Oxirane, dodecyl-",1668.5714285714284,,796,,true,0,46.41674059833647,2.159999438400146,5590.0,70639.0,mainlib,C14H28O,2443,212,,
251,,"Heptadecane, 2,6-dimethyl-",1706.060606060606,,780,,true,0,47.50007365000321,0.9399997556000635,9480.0,68687.0,mainlib,C19H40,24284,268,,
453,,"Oxetane, 2,4-dimethyl-, trans-",833.3333333333335,,704,,true,0,15.000082100001013,2.4799993552001673,3946.0,67499.0,mainlib,C5H10O,4652,86,,
262,,"2-Decene, (Z)-",1010.0,1002.0,815,,true,0,23.333413266668238,0.8999997660000608,9752.0,67338.0,mainlib,C10H20,19123,140,,
361,,"N-(Trifluoroacetyl)-N,O,O',O''-tetrakis(trimethylsilyl)norepinephrine",1148.936170212766,,741,,true,0,29.000078460001955,1.2399996776000837,6830.0,66848.0,mainlib,C22H42F3NO4Si4,44144,553,,
668,,"1,2,4,5-Tetrazine",909.0909090909091,,736,,true,0,18.750081125001262,2.559999334400173,1685.0,66550.0,mainlib,C2H2N4,139,82,,
284,,4-Methyl-1-heptyn-3-ol,1213.6363636363635,,809,,true,0,31.50007781000212,2.2399994176001514,8694.0,66359.0,mainlib,C8H14O,7073,126,,
302,,"Pentanal, 2,4-dimethyl-",1250.0,,756,,true,0,32.83341079666888,2.159999438400146,7601.0,66100.0,mainlib,C7H14O,8091,114,,
282,,"Heptadecane, 2,6,10,14-tetramethyl-",,1872.0,831,,true,0,50.333406246670066,0.9999997400000675,8793.0,65528.0,mainlib,C21H44,24349,296,,
321,,"Sulfurous acid, butyl 2-ethylhexyl ester",1660.0,,762,,true,0,46.16674066333645,1.0999997140000743,7543.0,65526.0,mainlib,C12H26O3S,25227,250,,
374,,4-Trifluoroacetoxyhexadecane,1622.857142857143,,812,,true,0,45.08340761166971,1.1799996932000798,6039.0,64992.0,mainlib,C18H33F3O2,19591,338,,
216,,"Dodecane, 2,7,10-trimethyl-",1543.2432432432433,,817,,true,0,42.66674157333622,0.8399997816000567,15378.0,64498.0,mainlib,C15H32,25403,212,,
395,,"1b,5,5,6a-Tetramethyl-octahydro-1-oxa-cyclopropa[a]inden-6-one",1508.1081081081084,,732,,true,0,41.583408521669476,1.0999997140000743,5188.0,63788.0,mainlib,C13H20O2,2373,208,,
489,,"Silane, trichlorodocosyl-",1772.727272727273,,719,,true,0,49.33340650667,2.4199993708001633,3335.0,63577.0,mainlib,C22H45Cl3Si,6092,442,,
333,,2-Ethylhexanal,998.1818181818182,,818,,true,0,22.833413396668206,1.759999542400119,6900.0,62968.0,mainlib,C8H16O,25586,128,,
682,,Pentanal,,699.0,752,,true,0,10.50008327000071,2.4199993708001633,1661.0,62296.0,mainlib,C5H10O,15612,86,,
657,,2-Hexyl-1-octanol,1772.727272727273,,733,,true,0,49.33340650667,3.319999136800224,1763.0,62151.0,mainlib,C14H30O,24046,214,,
363,,"Decane, 2,5,6-trimethyl-",1140.4255319148938,,824,,true,0,28.66674521333527,0.7799997972000526,6654.0,61862.0,mainlib,C13H28,24137,184,,
256,,"Decane, 2,5,9-trimethyl-",1484.6153846153848,,845,,true,0,40.833408716669425,0.8999997660000608,10118.0,61813.0,mainlib,C13H28,24279,184,,
504,,n-Decanoic acid,1373.170731707317,1373.0,724,,true,0,37.16674300333584,1.6799995632001135,3014.0,60804.0,mainlib,C10H20O2,30954,172,,
339,,"Hexane, 1-chloro-5-methyl-",1505.4054054054056,,708,,true,0,41.500075210002805,1.6399995736001107,6861.0,60711.0,mainlib,C7H15Cl,59078,134,,
653,,"Pentadecanoic acid, 14-methyl-, methyl ester",,1883.0,660,,true,0,55.75007150500377,2.6399993136001783,1777.0,60661.0,mainlib,C17H34O2,44743,270,,
540,,N-Methyl methacrylamide,1102.127659574468,,780,,true,0,27.166745603335166,2.579999329200174,2593.0,60582.0,mainlib,C5H9NO,3316,99,,
474,,1-Octadecanesulphonyl chloride,1709.090909090909,,694,,true,0,47.58340696166988,1.7199995528001162,3665.0,60517.0,mainlib,C18H37ClO2S,23971,352,,
531,,"Cyclobutane, 1,2-diethyl-, cis-",1129.7872340425533,,817,,true,0,28.250078655001907,4.6799987832003165,2890.0,60364.0,mainlib,C8H16,22041,112,,
464,,"Oxalic acid, butyl cyclohexylmethyl ester",,,792,,true,0,50.333406246670066,1.4399996256000973,3991.0,60086.0,mainlib,C13H22O4,21053,242,,
314,,"3-Hexanone, 2,5-dimethyl-",1022.0000000000001,,760,,true,0,23.833413136668277,1.879999511200127,7541.0,59674.0,mainlib,C8H16O,25884,128,,
427,,8-Heptadecene,1682.857142857143,,815,,true,0,46.83340715666983,1.1799996932000798,4653.0,58953.0,mainlib,C17H34,19070,238,,
323,,Butanimidamide,943.6363636363637,,708,,true,0,20.33341404666804,2.279999407200154,6817.0,58658.0,mainlib,C4H10N2,27912,86,,
731,,1-Iodo-2-methylundecane,,,694,,true,0,52.41673903833688,2.9599992304002,1274.0,58390.0,mainlib,C12H25I,24226,296,,
242,,"Octane, 2,3,6,7-tetramethyl-",1326.829268292683,,836,,true,0,35.58341008166907,0.799999792000054,11439.0,57924.0,mainlib,C12H26,8890,170,,
401,,"Hexane, 1-chloro-5-methyl-",1193.6170212765958,,755,,true,0,30.750078005002074,1.5599995944001053,5230.0,57861.0,mainlib,C7H15Cl,59078,134,,
567,,1-Iodo-2-methylundecane,,,757,,true,0,54.750071765003696,1.2999996620000878,2441.0,57475.0,mainlib,C12H25I,24226,296,,
616,,"3-Penten-1-ol, 4-methyl-",,868.0,719,,true,0,10.666749893334053,2.799999272000189,2088.0,56846.0,mainlib,C6H12O,3325,100,,
356,,"Silane, trimethyl(3-methyl-1-butynyl)-",1324.3902439024391,,730,,true,0,35.500076770002394,2.21999942280015,6019.0,56584.0,mainlib,C8H16Si,109245,140,,
351,,3-Methylheptyl acetate,1187.2340425531916,,845,,true,0,30.500078070002058,1.7399995476001175,6218.0,56092.0,mainlib,C10H20O2,8679,172,,
382,,"Cyclopentane, 1-ethenyl-3-methylene-",878.3333333333335,,846,,true,0,17.250081515001163,2.1199994488001432,5386.0,55990.0,mainlib,C8H12,49020,108,,
561,,"Decane, 2,5,9-trimethyl-",1400.0,,778,,true,0,38.08340943166924,1.6399995736001107,2458.0,55918.0,mainlib,C13H28,24279,184,,
335,,"Tetradecane, 1-iodo-",1712.1212121212122,,822,,true,0,47.66674027333656,0.8599997764000581,6761.0,55872.0,mainlib,C14H29I,24067,324,,
488,,"Bicyclo[3.2.0]hepta-2,6-diene",,,847,,true,0,12.916749308334206,3.4599991004002337,3474.0,55619.0,mainlib,C7H8,60451,92,,
502,,"Octadecane, 6-methyl-",,1842.0,747,,true,0,51.08340605167011,1.079999719200073,3199.0,54440.0,mainlib,C19H40,23928,268,,
442,,"Octane, 2-methyl-",865.0000000000001,865.0,827,,true,0,16.583415021667786,0.6599998284000446,4961.0,54370.0,mainlib,C9H20,7641,128,,
546,,"2-Allylpent-4-enoic acid, benzyl ester",1754.5454545454547,,640,,true,0,48.83340663666997,1.7399995476001175,2676.0,54184.0,mainlib,C15H18O2,60456,230,,
250,,"Oxalic acid, isohexyl neopentyl ester",1281.8181818181818,,835,,true,0,34.00007716000229,0.73999980760005,11878.0,53934.0,mainlib,C13H24O4,8867,244,,
375,,Heptylcyclohexane,1353.658536585366,1346.0,781,,true,0,36.500076510002465,1.1199997088000757,6022.0,53686.0,mainlib,C13H26,52775,182,,
596,,"Hydroxylamine, O-decyl-",,1100.0,727,,true,0,54.916738388337045,1.2999996620000878,2252.0,53363.0,mainlib,C10H23NO,7630,173,,
500,,"Tetradecane, 1-fluoro-",,,749,,true,0,53.16673884333692,1.3799996412000932,3152.0,53242.0,mainlib,C14H29F,6101,216,,
259,,"9-Octadecene, (E)-",,,787,,true,0,50.333406246670066,1.2399996776000837,9424.0,52970.0,mainlib,C18H36,19935,252,,
449,,"1-Hepten-3-ol, 3-methyl",1464.1025641025642,,660,,true,0,40.16674222333605,3.519999084800238,3940.0,52889.0,mainlib,C8H16O,38744,128,,
508,,"Dodecane, 2,7,10-trimethyl-",1591.8918918918919,,776,,true,0,44.16674118333631,0.9399997556000635,3164.0,52466.0,mainlib,C15H32,25403,212,,
255,,"Undecane, 2-methyl-",1165.9574468085107,1164.0,836,,true,0,29.666744953335336,0.7799997972000526,11258.0,52455.0,mainlib,C12H26,7851,170,,
402,,"1,2,5-Oxadiazol-3-amine, 4-(phenylmethoxy)-",1671.4285714285713,,724,,true,0,46.50007391000314,1.7999995320001216,5015.0,52444.0,mainlib,C9H9N3O2,59674,191,,
746,,"1-Heptanol, 2,4-dimethyl-, (R,R)-(+)-",1736.3636363636363,,735,,true,0,48.33340676666993,3.3799991212002283,1170.0,51800.0,mainlib,C9H20O,7386,144,,
495,,"1,4-Dioxane, 2,5-dimethyl-",863.3333333333335,,749,,true,0,16.500081710001115,2.619999318800177,3350.0,50866.0,mainlib,C6H12O2,4661,116,,
396,,"3-Undecene, 9-methyl-, (Z)-",1691.4285714285716,,804,,true,0,47.08340709166985,1.1799996932000798,5574.0,50622.0,mainlib,C12H24,37306,168,,
332,,"Phthalic acid, ethyl pentyl ester",1703.030303030303,,823,,true,0,47.41674033833654,3.099999194000209,6502.0,50554.0,mainlib,C15H20O4,138922,264,,
300,,"Cyclopentane, 1-hexyl-3-methyl-",1435.897435897436,,827,,true,0,39.25007579500265,1.1199997088000757,8699.0,49814.0,mainlib,C12H24,20766,168,,
435,,2-Decen-1-ol,1567.5675675675677,,810,,true,0,43.41674137833627,2.1399994436001446,4555.0,49720.0,mainlib,C10H20O,23342,156,,
565,,"4,4'-bi-4H-pyran, 2,2',6,6'-tetrakis(1,1-dimethylethyl)-4,4'-dimethyl-",826.6666666666667,,748,,true,0,14.666748853334324,1.4399996256000973,2313.0,49664.0,mainlib,C28H46O2,188955,414,,
462,,1-Nonene,895.0000000000001,889.0,823,,true,0,18.083414631667885,1.2799996672000864,3784.0,48382.0,mainlib,C9H18,7539,126,,
450,,"1,3-Dioxolane, 4-methyl-2-pentyl-",811.6666666666667,,713,,true,0,13.916749048334275,2.0199994748001364,3990.0,48288.0,mainlib,C9H18O2,57284,158,,
389,,"Decane, 6-ethyl-2-methyl-",1272.7272727272727,,833,,true,0,33.6667439133356,0.8399997816000567,6240.0,47522.0,mainlib,C13H28,24268,184,,
491,,"2-Decene, 8-methyl-, (Z)-",1032.0,,848,,true,0,24.250079695001638,0.8399997816000567,3579.0,46921.0,mainlib,C11H22,20352,154,,
650,,"Benzene, (1-methylundecyl)-",,1808.0,748,,true,0,51.16673936333679,2.0799994592001405,1902.0,46785.0,mainlib,C18H30,80685,246,,
490,,"Benzene, (1-nitropropyl)-",1694.2857142857144,,722,,true,0,47.166740403336526,1.879999511200127,3494.0,46358.0,mainlib,C9H11NO2,61550,165,,
431,,"Decane, 2,5,6-trimethyl-",961.818181818182,,808,,true,0,21.16674716333476,0.8399997816000567,4504.0,46080.0,mainlib,C13H28,24137,184,,
415,,"2,4,4-Trimethyl-3-(3-methylbutyl)cyclohex-2-enone",1423.076923076923,,626,,true,0,38.83340923666929,2.8599992564001933,4724.0,45470.0,mainlib,C14H24O,123666,208,,
589,,"1,2,5-Oxadiazol-3-amine, 4-(phenylmethoxy)-",1572.9729729729731,,725,,true,0,43.58340800166961,1.759999542400119,2246.0,45232.0,mainlib,C9H9N3O2,59674,191,,
523,,"1,3,5-Cycloheptatriene, 2,4-di-t-butyl-7,7-dimethyl-",1688.5714285714287,,711,,true,0,47.00007378000318,3.019999214800204,3044.0,45122.0,mainlib,C17H28,27122,232,,
465,,"Oxalic acid, allyl hexadecyl ester",1733.3333333333333,,805,,true,0,48.25007345500326,1.139999703600077,3841.0,45094.0,mainlib,C21H38O4,2467,354,,
563,,"1,2,5-Oxadiazol-3-amine, 4-(phenylmethoxy)-",1772.727272727273,,678,,true,0,49.33340650667,1.819999526800123,2474.0,44524.0,mainlib,C9H9N3O2,59674,191,,
303,,"Cyclopropane, 1-butyl-2-pentyl-, cis-",1293.1818181818185,,832,,true,0,34.41674371833566,0.9799997452000662,8058.0,43518.0,mainlib,C12H24,19874,168,,
404,,2-Decen-1-ol,1222.7272727272727,,808,,true,0,31.83341105666881,2.059999464400139,5250.0,43472.0,mainlib,C10H20O,23342,156,,
717,,"Oxalic acid, dipropyl ester",836.6666666666667,,602,,true,0,15.166748723334358,3.25999915240022,1408.0,43408.0,mainlib,C8H14O4,5703,174,,
372,,"Tetradecane, 1-iodo-",1254.5454545454545,,783,,true,0,33.00007742000223,0.8999997660000608,6226.0,43259.0,mainlib,C14H29I,24067,324,,
368,,"Cyclopentane, 1,1'-(1,4-butandiyl)bis-",1456.4102564102566,,839,,true,0,39.91674228833603,1.3399996516000905,6306.0,42916.0,mainlib,C14H26,3690,194,,
517,,"1H-Tetrazole, 1-methyl-",851.6666666666667,,793,,true,0,15.916748528334407,4.579998809200309,2969.0,42882.0,mainlib,C2H4N4,18891,84,,
291,,"Decane, 2,2,5-trimethyl-",929.0909090909092,,822,,true,0,19.666747553334663,0.6199998388000418,9029.0,42107.0,mainlib,C13H28,24880,184,,
422,,"Cyclopentane, 1-hexyl-3-methyl-",1642.857142857143,,771,,true,0,45.666740793336416,1.2199996828000823,5150.0,41897.0,mainlib,C12H24,20766,168,,
664,,1-Iodo-2-methylnonane,,1320.0,740,,true,0,56.08340475167045,1.4399996256000973,1774.0,41886.0,mainlib,C10H21I,7793,268,,
428,,"Heptasiloxane, 1,1,3,3,5,5,7,7,9,9,11,11,13,13-tetradecamethyl-",,,526,,true,0,50.500072870003414,0.5999998440000405,5801.0,41499.0,mainlib,C14H44O6Si7,43295,504,,
475,,"4-Heptanol, 2-methyl-",1042.0,,751,,true,0,24.666746253335,3.25999915240022,3694.0,41372.0,mainlib,C8H18O,34942,130,,
441,,"Phthalic acid, ethyl pentyl ester",1703.030303030303,,824,,true,0,47.41674033833654,3.3999991160002296,4157.0,40892.0,mainlib,C15H20O4,138922,264,,
660,,"Oxetane, 2,4-dimethyl-, trans-",1142.5531914893618,,593,,true,0,28.75007852500194,3.059999204400207,1771.0,40724.0,mainlib,C5H10O,4652,86,,
610,,Isopropyl myristate,,1827.0,649,,true,0,51.83340585667017,1.7799995372001203,2167.0,40706.0,mainlib,C17H34O2,10815,270,,
454,,3-Trifluoroacetoxytridecane,1492.3076923076922,,758,,true,0,41.08340865166944,1.079999719200073,4059.0,40522.0,mainlib,C15H27F3O2,2375,296,,
655,,"Benzene, [(methylsulfinyl)methyl]-",1123.404255319149,,816,,true,0,28.00007872000189,2.799999272000189,1772.0,39623.0,mainlib,C8H10OS,59702,154,,
621,,1-Methyl-2-phenylcyclopropane,1125.531914893617,,767,,true,0,28.083412031668562,3.0799991992002083,1994.0,39261.0,mainlib,C10H12,97527,132,,
481,,"Tetradecane, 1-iodo-",1438.4615384615386,,820,,true,0,39.33340910666933,0.8399997816000567,3976.0,39238.0,mainlib,C14H29I,24067,324,,
570,,"(1R,2R,4R)-2,7,7-Trimethylbicyclo[2.2.1]heptan-2-ol",1058.0,,733,,true,0,25.333412746668376,1.5599995944001053,2377.0,39181.0,mainlib,C10H18O,49863,154,,
419,,1-Iodo-2-methylundecane,1671.4285714285713,,772,,true,0,46.50007391000314,1.019999734800069,4929.0,39150.0,mainlib,C12H25I,24226,296,,
554,,"1,3,6-Octatriene, (Z,E)-",878.3333333333335,,847,,true,0,17.250081515001163,0.8599997764000581,2451.0,38864.0,mainlib,C8H12,48767,108,,
518,,"1-Decanol, 2-ethyl-",1438.4615384615386,,783,,true,0,39.33340910666933,0.9199997608000622,3236.0,38184.0,mainlib,C12H26O,24117,186,,
297,,"2-Undecene, (E)-",1092.0,1097.0,826,,true,0,26.750079045001804,0.9199997608000622,8439.0,38137.0,mainlib,C11H22,19125,154,,
695,,Z-10-Pentadecen-1-ol,1570.2702702702704,,753,,true,0,43.50007469000294,1.3199996568000891,1571.0,37856.0,mainlib,C15H30O,19226,226,,
377,,"3,5-Dibutoxy-1,1,1,7,7,7-hexamethyl-3,5-bis(trimethylsiloxy)tetrasiloxane",1256.818181818182,,562,,true,0,33.0834107316689,0.6399998336000432,7028.0,37764.0,mainlib,C20H54O7Si6,40543,574,,
704,,"4-Vinyl-4,5-dihydro-3H-pyrazole",974.5454545454546,,729,,true,0,21.750080345001468,0.2399999376000162,1453.0,37651.0,mainlib,C5H8N2,32549,96,,
347,,"4-Nonene, 2-methyl-",1020.0000000000001,,845,,true,0,23.750079825001603,0.9199997608000622,7090.0,37066.0,mainlib,C10H20,19868,140,,
478,,"2-Butanone, 3,3-dimethyl-1-thiocyanato-",936.3636363636365,,811,,true,0,20.00008080000135,2.039999469600138,3700.0,36831.0,mainlib,C7H11NOS,23685,157,,
723,,1-Butanol,,659.0,842,,true,0,10.083416711667349,2.9199992408001973,1443.0,36631.0,mainlib,C4H10O,21953,74,,
706,,"Benzene, (1-nitropropyl)-",1796.969696969697,,627,,true,0,50.000073000003376,1.879999511200127,1481.0,36440.0,mainlib,C9H11NO2,61550,165,,
708,,"3-Undecene, (Z)-",1096.0,1086.0,821,,true,0,26.916745668335146,1.0999997140000743,1505.0,36145.0,mainlib,C11H22,2719,154,,
763,,2-Trifluoroacetoxydodecane,1543.2432432432433,,654,,true,0,42.66674157333622,3.479999095200235,1041.0,35946.0,mainlib,C14H25F3O2,5839,282,,
416,,"6-[(Z)-1-Butenyl]-1,4-cycloheptadiene",1176.595744680851,,834,,true,0,30.083411511668697,1.9599994904001323,5106.0,35823.0,mainlib,C11H16,48953,148,,
564,,"Cyclohexane, 2-propyl-1,1,3-trimethyl-",1157.4468085106382,,756,,true,0,29.333411706668645,0.8999997660000608,2408.0,35633.0,mainlib,C12H24,34930,168,,
625,,"Propane, 1-(1,1-dimethylethoxy)-2,2-dimethyl-",1024.0,,745,,true,0,23.916746448334948,1.0999997140000743,1926.0,35527.0,mainlib,C9H20O,23470,144,,
370,,"Z-1,6-Undecadiene",1240.909090909091,,818,,true,0,32.500077550002196,1.2999996620000878,6186.0,35490.0,mainlib,C11H20,2728,152,,
486,,"2,4-Pentadienoic acid, 1-cyclopenten-3-on-1-yl ester",1014.0000000000001,,662,,true,0,23.500079890001587,1.939999495600131,3513.0,35406.0,mainlib,C10H10O3,49892,178,,
524,,"Octane, 6-ethyl-2-methyl-",1423.076923076923,,808,,true,0,38.83340923666929,0.8799997712000595,3138.0,35327.0,mainlib,C11H24,8896,156,,
733,,"Propane-1,1-diol diacetate",932.7272727272727,,705,,true,0,19.833414176668004,4.519998824800306,1271.0,35322.0,mainlib,C7H12O4,10719,160,,
417,,"Cyclobutene, 2-propenylidene-",1290.909090909091,,760,,true,0,34.33341040666899,2.099999454000142,4774.0,34971.0,mainlib,C7H8,60523,92,,
472,,"1-Propen-2-ol, formate",843.3333333333335,,795,,true,0,15.500081970001046,2.399999376000162,3663.0,34843.0,mainlib,C4H6O2,8047,86,,
718,,"2,3-Butanedione",,595.0,720,,true,0,10.250083335000692,2.4999993500001687,1376.0,34672.0,mainlib,C4H6O2,9994,86,,
532,,"Decane, 6-ethyl-2-methyl-",1243.1818181818185,,776,,true,0,32.58341086166887,0.8199997868000554,3121.0,34651.0,mainlib,C13H28,24268,184,,
463,,4-Trifluoroacetoxypentadecane,1784.8484848484852,,789,,true,0,49.66673975333669,1.2199996828000823,3981.0,34381.0,mainlib,C17H31F3O2,19028,324,,
605,,"Benzene, 1,2,4-trimethyl-",996.3636363636364,990.0,751,,true,0,22.75008008500153,2.399999376000162,2090.0,34373.0,mainlib,C9H12,80869,120,,
519,,"Benzene, (1-nitropropyl)-",1591.8918918918919,,759,,true,0,44.16674118333631,1.8399995216001244,3183.0,34107.0,mainlib,C9H11NO2,61550,165,,
420,,"Octane, 2,3,7-trimethyl-",1254.5454545454545,,833,,true,0,33.00007742000223,0.8199997868000554,5039.0,34022.0,mainlib,C11H24,24295,156,,
626,,"1-Octanol, 2,2-dimethyl-",1319.5121951219512,,710,,true,0,35.33341014666905,1.0399997296000703,2155.0,34022.0,mainlib,C10H22O,7855,158,,
548,,"2-Undecanethiol, 2-methyl-",1339.0243902439026,,798,,true,0,36.00007664000243,0.9799997452000662,2774.0,33867.0,mainlib,C12H26S,2827,202,,
676,,"1-Decanol, 2-ethyl-",1778.787878787879,,638,,true,0,49.500073130003344,3.25999915240022,1654.0,33728.0,mainlib,C12H26O,24117,186,,
579,,"Benzeneacetic acid, 4-(1,1-dimethylethyl)-, methyl ester",1494.871794871795,,721,,true,0,41.166741963336115,3.099999194000209,2368.0,33558.0,mainlib,C13H18O2,177405,206,,
371,,"Cyclohexane, pentyl-",1144.6808510638298,1135.0,839,,true,0,28.833411836668613,1.019999734800069,6327.0,33549.0,mainlib,C11H22,52780,154,,
515,,"1-Hexene, 3-methyl-6-phenyl-4-(1-phenylethoxy)-",1631.4285714285713,,805,,true,0,45.333407546669726,1.9599994904001323,3133.0,32907.0,mainlib,C21H26O,80671,294,,
438,,"Decane, 2,5,9-trimethyl-",1215.909090909091,,898,,true,0,31.583411121668796,0.7799997972000526,5178.0,32845.0,mainlib,C13H28,24279,184,,
730,,"1-Heptanol, 6-methyl-",1178.723404255319,,786,,true,0,30.166744823335367,0.8999997660000608,1276.0,32819.0,mainlib,C8H18O,2710,130,,
752,,"p-Dioxin, 2,3-dihydro-5-methyl-",808.3333333333335,,768,,true,0,13.750082425000928,4.399998856000297,1112.0,32699.0,mainlib,C5H8O2,10674,100,,
662,,"Diphosphoric acid, diisooctyl ester",1334.1463414634147,,742,,true,0,35.833410016669085,2.8199992668001905,1792.0,32673.0,mainlib,C16H36O7P2,2839,402,,
538,,"3-Octene, (E)-",803.3333333333335,789.0,700,,true,0,13.500082490000912,0.7799997972000526,3005.0,32414.0,mainlib,C8H16,2737,112,,
617,,"Hexane, 1-chloro-5-methyl-",1297.727272727273,,606,,true,0,34.58341034166901,1.5799995892001066,2059.0,32332.0,mainlib,C7H15Cl,59078,134,,
681,,"2-Piperidinone, N-[4-bromo-n-butyl]-",1730.3030303030305,,711,,true,0,48.16674014333659,1.259999672400085,1747.0,32116.0,mainlib,C9H16BrNO,6015,233,,
641,,"1,2,3,6-Tetrahydrobenzylalcohol, methyl ether",1090.0,,640,,true,0,26.66674573333513,2.5999993240001755,1925.0,31943.0,mainlib,C8H14O,49082,126,,
329,,"Cyclopentasiloxane, decamethyl-",1159.5744680851062,1175.0,756,,true,0,29.416745018335316,0.5399998596000365,8937.0,31919.0,mainlib,C10H30O5Si5,234336,370,,
608,,"1,4-Methanonaphthalene, 1,4-dihydro-",1365.8536585365855,,797,,true,0,36.916743068335826,0.6399998336000432,2157.0,31856.0,mainlib,C11H10,128910,142,,
783,,"4,4'-bi-4H-pyran, 2,2',6,6'-tetrakis(1,1-dimethylethyl)-4,4'-dimethyl-",835.0000000000001,,758,,true,0,15.083415411667685,4.2399988976002865,1004.0,31594.0,mainlib,C28H46O2,188955,414,,
320,,"2,2-Dimethylpropionic acid, 4-methylpentyl ester",1048.0,,757,,true,0,24.916746188335015,0.6799998232000459,8242.0,31458.0,mainlib,C11H22O2,24054,186,,
767,,Tribromoacetic acid,940.0,,791,,true,0,20.166747423334694,4.6799987832003165,1076.0,31357.0,mainlib,C2HBr3O2,161880,294,,
550,,"Phenol, 4-chloro-2,6-bis(1,1-dimethylethyl)-",1712.1212121212122,,671,,true,0,47.66674027333656,3.579999069200242,2540.0,31092.0,mainlib,C14H21ClO,198323,240,,
448,,"1-Undecene, 5-methyl-",1484.6153846153848,,814,,true,0,40.833408716669425,0.9999997400000675,4368.0,31044.0,mainlib,C12H24,22198,168,,
778,,"2,4-Dimethyl-5,6-dimethoxy-8-aminoquinoline",1745.4545454545453,,653,,true,0,48.583406701669944,4.399998856000297,1065.0,30817.0,mainlib,C13H16N2O2,194428,232,,
800,,"Furan, tetrahydro-2,5-dimethyl-, trans-(±)-",1078.0,,797,,true,0,26.166745863335098,4.019998954800272,921.0,30557.0,mainlib,C6H12O,22077,100,,
545,,"Carbonic acid, octyl phenyl ester",1110.6382978723404,,751,,true,0,27.500078850001852,2.619999318800177,2614.0,30337.0,mainlib,C15H22O3,67009,250,,
494,,"1-Decanol, 2-ethyl-",1231.818181818182,,788,,true,0,32.166744303335506,0.9199997608000622,3730.0,29978.0,mainlib,C12H26O,24117,186,,
761,,"Borane, tris(1-methylethyl)-",,,659,,true,0,10.750083205000726,5.239998637600354,1105.0,29943.0,mainlib,C9H21B,2268,140,,
578,,4-Bromoheptane,1040.0,1037.0,801,,true,0,24.583412941668325,1.3799996412000932,2436.0,29893.0,mainlib,C7H15Br,23420,178,,
451,,"1-Nonene, 4,6,8-trimethyl-",1331.707317073171,,829,,true,0,35.75007670500242,0.8999997660000608,4433.0,29708.0,mainlib,C12H24,6112,168,,
680,,"Cyclotetrasiloxane, octamethyl-",990.909090909091,997.0,737,,true,0,22.500080150001516,1.879999511200127,1662.0,29612.0,mainlib,C8H24O4Si4,220100,296,,
569,,"1,2-Epoxy-3-propyl acetate",851.6666666666667,,742,,true,0,15.916748528334407,2.099999454000142,2274.0,29497.0,mainlib,C5H8O3,5569,116,,
701,,"Butylphosphonic acid, butyl 2-phenylethyl ester",,,605,,true,0,50.91673942833677,0.5799998492000392,1567.0,29333.0,mainlib,C16H27O3P,77314,298,,
654,,"3,5-Decadiene, 2,2-dimethyl-, (Z,Z)-",1309.7560975609756,,698,,true,0,35.00007690000236,1.9599994904001323,1814.0,29006.0,mainlib,C12H22,26114,166,,
522,,"2-Allylpent-4-enoic acid, benzyl ester",1562.1621621621625,,705,,true,0,43.25007475500293,1.7399995476001175,2916.0,28832.0,mainlib,C15H18O2,60456,230,,
447,,"Heptane, 2,3,6-trimethyl-",916.3636363636364,919.0,855,,true,0,19.083414371667953,0.6599998284000446,4737.0,28715.0,mainlib,C10H22,24036,142,,
742,,"2-Pentanol, 4,4-dimethyl-",987.2727272727273,,694,,true,0,22.33341352666817,3.839999001600259,1243.0,28574.0,mainlib,C7H16O,24628,116,,
521,,"Acetic acid, trifluoro-, 3,7-dimethyloctyl ester",1321.9512195121954,,774,,true,0,35.41674345833573,0.9399997556000635,2846.0,28272.0,mainlib,C12H21F3O2,7301,254,,
606,,Butanimidamide,1351.219512195122,,729,,true,0,36.416743198335794,2.159999438400146,2131.0,28160.0,mainlib,C4H10N2,27912,86,,
649,,Benzocycloheptatriene,1382.9268292682925,,745,,true,0,37.50007625000253,0.9399997556000635,1937.0,27958.0,mainlib,C11H10,128912,142,,
580,,"2(1H)-Naphthalenone, 3,4,4a,5,6,7-hexahydro-1,1,4a-trimethyl-",1227.2727272727273,,755,,true,0,32.00007768000216,1.599999584000108,2350.0,27799.0,mainlib,C13H20O,4210,192,,
798,,"2-Octene, (Z)-",811.6666666666667,804.0,671,,true,0,13.916749048334275,0.799999792000054,915.0,27565.0,mainlib,C8H16,19133,112,,
571,,"Oxalic acid, heptyl propyl ester",998.1818181818182,,765,,true,0,22.833413396668206,1.079999719200073,2434.0,27454.0,mainlib,C12H22O4,23956,230,,
631,,"Oxalic acid, cyclohexyl tetradecyl ester",,,782,,true,0,52.41673903833688,1.4599996204000987,2098.0,27318.0,mainlib,C22H40O4,52129,368,,
705,,"Pentanoic acid, 10-undecenyl ester",1662.857142857143,,752,,true,0,46.250073975003126,1.419999630800096,1565.0,27268.0,mainlib,C16H30O2,19220,254,,
547,,"Benzene, 1,2,3-trimethyl-",1010.0,1013.0,770,,true,0,23.333413266668238,2.4799993552001673,2526.0,27254.0,mainlib,C9H12,80889,120,,
808,,Cyclobutylsilane,1556.7567567567569,,626,,true,0,43.08340813166958,2.159999438400146,869.0,27138.0,mainlib,C4H10Si,27937,86,,
770,,"2'-Hydroxy-5'-methylacetophenone, TMS derivative",1202.2727272727273,,738,,true,0,31.08341125166876,4.399998856000297,1028.0,26415.0,mainlib,C12H18O2Si,188941,222,,
403,,"Decane, 2,5,6-trimethyl-",956.3636363636365,,826,,true,0,20.916747228334746,0.6999998180000473,5800.0,26317.0,mainlib,C13H28,24137,184,,
632,,"Octadecane, 6-methyl-",,1842.0,697,,true,0,51.7500725450035,1.139999703600077,2006.0,25919.0,mainlib,C19H40,23928,268,,
817,,"4,4'-bi-4H-pyran, 2,2',6,6'-tetrakis(1,1-dimethylethyl)-4,4'-dimethyl-",833.3333333333335,,775,,true,0,15.000082100001013,4.659998788400315,757.0,25874.0,mainlib,C28H46O2,188955,414,,
619,,"Oxalic acid, bis(isobutyl) ester",961.818181818182,,760,,true,0,21.16674716333476,1.0599997244000716,1968.0,25301.0,mainlib,C10H18O4,23230,202,,
647,,2-Decen-1-ol,1157.4468085106382,,765,,true,0,29.333411706668645,2.999999220000203,1901.0,25139.0,mainlib,C10H20O,23342,156,,
773,,"Pentanoic acid, 2,2,4-trimethyl-3-hydroxy-, isobutyl ester",1443.5897435897436,,762,,true,0,39.50007573000267,4.219998902800285,1005.0,24968.0,mainlib,C12H24O3,6046,216,,
829,,"Butane, 1-(1-methylpropoxy)-",963.6363636363637,,698,,true,0,21.250080475001432,1.3799996412000932,693.0,24599.0,mainlib,C8H18O,24631,130,,
741,,Allyl methallyl ether,1229.5454545454547,,790,,true,0,32.083410991668835,2.8599992564001933,1300.0,24476.0,mainlib,C7H12O,2138,112,,
558,,"1-Decanol, 2-ethyl-",1430.769230769231,,801,,true,0,39.08340917166931,0.9199997608000622,2687.0,24473.0,mainlib,C12H26O,24117,186,,
509,,"Oxalic acid, allyl heptyl ester",1038.0,,773,,true,0,24.500079630001654,0.8399997816000567,3225.0,24108.0,mainlib,C12H20O4,3033,228,,
629,,"3,6-Dimethyl-4-octanone",1036.0,,683,,true,0,24.41674631833498,1.999999480000135,2084.0,23760.0,mainlib,C10H20O,7836,156,,
754,,"4,6-di-tert-Butyl-m-cresol",1564.8648648648648,,716,,true,0,43.33340806666959,2.8799992512001946,1191.0,23332.0,mainlib,C15H24O,187214,220,,
615,,"Acetic acid, [(1,1-dimethylethyl)thio]-",974.5454545454546,,747,,true,0,21.750080345001468,1.419999630800096,2145.0,23097.0,mainlib,C6H12O2S,23378,148,,
604,,Cyclobutylamine,850.0000000000001,,754,,true,0,15.833415216667735,2.7199992928001837,2070.0,21842.0,mainlib,C4H9N,6509,71,,
614,,4-(Prop-2-enoyloxy)octane,1268.1818181818182,,804,,true,0,33.50007729000226,1.879999511200127,2143.0,21743.0,mainlib,C11H20O2,20355,184,,
553,,"Sulfurous acid, nonyl 2-propyl ester",1754.5454545454547,,743,,true,0,48.83340663666997,0.8999997660000608,2583.0,21674.0,mainlib,C12H26O3S,8863,250,,
591,,cis-2-Nonene,910.9090909090909,902.0,835,,true,0,18.833414436667933,0.8599997764000581,2422.0,21636.0,mainlib,C9H18,19137,126,,
709,,"Sulfurous acid, butyl 2-ethylhexyl ester",,,730,,true,0,53.50007209000361,1.2199996828000823,1554.0,21431.0,mainlib,C12H26O3S,25227,250,,
594,,"2,4-Nonadiyne",1058.0,,727,,true,0,25.333412746668376,2.799999272000189,2211.0,21389.0,mainlib,C9H12,79185,120,,
729,,"Hydroperoxide, heptyl",1121.276595744681,,753,,true,0,27.916745408335217,2.039999469600138,1433.0,21327.0,mainlib,C7H16O2,370,132,,
793,,"Oxirane, [(hexadecyloxy)methyl]-",,,680,,true,0,52.08340579167019,2.779999277200188,934.0,21303.0,mainlib,C19H38O2,24104,298,,
588,,1-Phenyl-5-methylheptane,1500.0,,814,,true,0,41.33340858666946,2.1199994488001432,2341.0,21091.0,mainlib,C14H22,65155,190,,
677,,"1,3-Dioxolane, 4-methyl-2-pentyl-",821.6666666666667,,705,,true,0,14.416748918334308,2.1399994436001446,1709.0,21071.0,mainlib,C9H18O2,57284,158,,
511,,"Undecane, 5-methylene-",1174.4680851063831,,853,,true,0,30.000078200002022,0.9399997556000635,3434.0,21002.0,mainlib,C12H24,22426,168,,
635,,"Cyclotetrasiloxane, octamethyl-",990.909090909091,997.0,752,,true,0,22.500080150001516,1.6799995632001135,1887.0,20719.0,mainlib,C8H24O4Si4,220100,296,,
747,,"1H-Indene, 2,3,3a,4,7,7a-hexahydro-2,2,4,4,7,7-hexamethyl-",1748.4848484848485,,641,,true,0,48.66674001333662,2.8599992564001933,1223.0,20496.0,mainlib,C15H26,51954,206,,
452,,C17_CAICE_vocstand_incomplete,,1700.0,769,,true,0,52.00007248000351,1.2399996776000837,4243.0,80318.0,caice_voc_incomplete,-,23,0,,
765,,C17_CAICE_vocstand_incomplete,,1700.0,736,,true,0,54.166738583336986,1.2399996776000837,1179.0,41369.0,caice_voc_incomplete,-,23,0,,
485,,Styrene_CAICE_vocstand_incomplete,925.4545454545455,924.0,716,,true,0,19.500080930001317,0.6599998284000446,3710.0,39251.0,caice_voc_incomplete,-,34,0,,
535,,octadecane_CAICE_vocstand_incomplete,,1800.0,740,,true,0,51.91673916833684,1.139999703600077,2901.0,37289.0,caice_voc_incomplete,-,43,0,,
