BlobID,Compound Name,Category,Label,Group Name,Inclusion,Internal Standard,Retention I (min),Retention II (sec),Peak Value,Volume,Library ID,Library Match Factor,Library Reverse Match Factor,Library Name,Library Probability,Library RI,Library Formula
2051,"Oxime-, methoxy-phenyl-_",Unknown,,,FALSE,0,21.5000265,0.499999965,1703,7841,117767,627,789,mainlib,18.31999969,,C8H9NO2
2053,coeluted monoterpene,Monoterpene,Carene (?),,TRUE,0,21.58335982,0.519999964,1260,8088,-1,-1,-1,-,-1,,-
1697,"Benzene, 1-ethyl-2-methyl-",Unknown,,,FALSE,0,19.91669327,1.919999866,1477,20124,80896,633,766,mainlib,11.77000046,970,C9H12
1670,"4-Cyclopentene-1,3-dione, 4-phenyl-",Unknown,,DOM?,TRUE,0,41.5000251,1.649999885,1601,20151,76174,760,779,mainlib,87.61000061,,C11H8O2
2038,9-Decene-1-nitrile,Unknown,,,FALSE,0,32.16669242,1.469999897,757,20170,104318,584,663,mainlib,38.52000046,,C10H17N
2016,"Acetamide, 2-(imidazol-1-yl)-",Unknown,,,FALSE,0,27.50002608,1.71999988,837,20240,109222,557,634,mainlib,55.13999939,,C5H7N3O
2043,"Benzene-1,2,4-tricarbonitrile",Unknown,,,FALSE,0,38.75002529,3.409999761,686,20261,142924,736,793,mainlib,68.19999695,,C9H3N3
1917,"Phthalic acid, ethyl pentadecyl ester",Unknown,,,FALSE,0,41.75002508,2.479999826,1087,20268,138919,712,748,mainlib,9.470000267,,C25H40O4
1187,"Cyclotetrasiloxane, octamethyl-",Unknown,,,FALSE,0,20.16669326,4.269999701,2979,20292,220100,734,772,mainlib,47.99000168,997,C8H24O4Si4
1998,12-Crown-4,Unknown,,,FALSE,0,21.58335982,1.049999927,910,20312,16799,690,775,mainlib,26.21999931,,C8H16O4
2017,"3-Deoxy-L-ribose-2,5-dibenzoate",Unknown,,,FALSE,0,27.33335942,1.499999895,833,20409,78426,597,634,mainlib,9.859999657,,C19H18O6
1901,"Ethanone, 2-(benzoyloxy)-1-[1,1'-biphenyl]-4-yl-",Unknown,,,FALSE,0,43.50002496,0.989999931,1089,20462,168219,610,655,mainlib,10.60000038,,C21H16O3
2026,"Piperidine, 1-(cyanoacetyl)-",Unknown,,,FALSE,0,33.66669231,1.109999922,810,20484,142071,581,656,mainlib,12.27000046,,C8H12N2O
1824,"Ethanone, 2-(5-methoxy-1-methyl-2-benzimidazolyl)thio-1-phenyl-",Unknown,,,FALSE,0,23.66669301,4.079999714,1198,20524,79643,617,628,mainlib,17.70000076,,C17H16N2O2S
1922,"4,7-Methano-1H-isoindole-1,3(2H)-dione, 3a,4,7,7a-tetrahydro-, (3aα,4α,7α,7aα)-",Unknown,,,FALSE,0,22.75002641,4.089999714,1134,20558,32167,678,707,mainlib,7.920000076,,C9H9NO2
1568,"2-(1,1,3,3-Tetramethylbutyl)-1,4-benzenediol peak 1",Unknown,,,FALSE,0,38.75002529,0.949999934,1936,20647,139843,598,632,mainlib,17.53000069,,C14H22O2
1245,"Cyclotetrasiloxane, octamethyl-",Unknown,,,FALSE,0,20.16669326,3.379999763,2732,20665,220100,710,751,mainlib,58.65000153,997,C8H24O4Si4
1831,"2-Dodecene, (E)-",Unknown,,,FALSE,0,24.66669294,4.42999969,1248,20670,19648,758,826,mainlib,4.260000229,1197,C12H24
1807,"Benzene, (3-methylcyclopentyl)-",Unknown,,,FALSE,0,37.5833587,1.419999901,1235,20746,77516,685,748,mainlib,15.85999966,,C12H16
1992,"4,5-Dihydrooxazole-5-one, 4-chloromethylene-2-phenyl-",Unknown,,,FALSE,0,23.66669301,4.979999651,949,20755,79645,638,687,mainlib,6.139999866,,C10H6ClNO2
1754,"Cyclohexanol, 2-isocyano-, trans-",Unknown,,,FALSE,0,24.08335965,4.609999677,1377,20960,18643,644,732,mainlib,20.97999954,,C7H11NO
2050,"Carbonic acid, but-3-en-1-yl hexadecyl ester",Unknown,,,FALSE,0,38.83335862,4.849999661,560,21002,21391,519,575,mainlib,43.36999893,2317,C21H40O3
1955,4-Oxononanal,Unknown,,,FALSE,0,30.50002587,1.629999886,1014,21249,9895,672,758,mainlib,31.02000046,1202,C9H16O2
1982,"7-Oxo-2-oxa-7-thiatricyclo[4.4.0.0(3,8)]decan-4-ol",Unknown,,,FALSE,0,36.75002543,1.319999908,917,21261,4074,549,581,mainlib,6.599999905,,C8H12O3S
2048,"D:A-Friedooleanan-29-ol, (20α)-",Unknown,,,FALSE,0,42.75002501,4.589999679,552,21358,212897,391,450,mainlib,21.51000023,,C30H52O
1918,"Cyclopentanecarbonitrile, 2-imino-",Unknown,,,FALSE,0,40.33335851,2.169999848,1078,21410,83999,563,633,mainlib,16.39999962,,C6H8N2
1783,10-Methyldodec-3-en-4-olide,Unknown,,,FALSE,0,31.16669249,1.479999896,1358,21447,19471,678,767,mainlib,10.97999954,1663,C13H22O2
1811,"2,4-Decadienal",Unknown,,,FALSE,0,33.16669235,1.299999909,1313,21482,49743,703,880,mainlib,54.59999847,1317,C10H16O
1741,"Benzene, (1-azido-1-methylethyl)-",Unknown,,,FALSE,0,40.33335851,1.329999907,1422,21526,100175,662,852,mainlib,10.07999992,,C9H11N3
1804,"Butanamide, N-methyl-4-(methylthio)-2-(2,2-dimethylpropylidene)amino-",Unknown,,,FALSE,0,43.25002497,1.70999988,1258,21743,161141,619,626,mainlib,20.25,,C11H22N2OS
1464,Nonanal,Unknown,,,FALSE,0,25.25002623,2.419999831,2108,21842,23427,810,846,mainlib,32.79000092,1104,C9H18O
1893,4-Cyclohepten-1-amine,Unknown,,,FALSE,0,20.0000266,1.349999906,1118,21848,9582,660,752,mainlib,32.24000168,,C7H13N
1424,"1-Undecene, 10-methyl-",Unknown,,,FALSE,0,20.50002657,3.889999728,2270,21940,22199,787,822,mainlib,3.930000067,1157,C12H24
1771,"(7a-Isopropenyl-4,5-dimethyloctahydroinden-4-yl)methanol",Unknown,,,FALSE,0,44.33335823,1.159999919,1334,21973,177311,655,694,mainlib,28.20000076,,C15H26O
1769,Dodecanal,Unknown,,,FALSE,0,36.16669214,1.219999915,1314,22242,3047,656,882,mainlib,19.26000023,1409,C12H24O
1774,"2,4-Di-tert-butylphenol",Unknown,,,FALSE,0,39.25002525,1.199999916,1465,22491,177130,727,756,mainlib,20.92000008,1519,C14H22O
1869,"7,7,9,9-Tetramethyl-1,4-dioxa-8-aza-spiro[4.5]decane",Unknown,,,FALSE,0,46.83335806,1.049999927,1191,22706,71668,554,634,mainlib,16.62000084,,C11H21NO2
1767,"1-(2-Acetoxyethyl)-3,6-diazahomoadamantan-9-one oxime",Unknown,,,FALSE,0,40.41669184,1.019999929,1385,22714,40369,574,580,mainlib,12.93000031,,C13H21N3O3
1676,"4-Ethylbenzoic acid, 6-ethyl-3-octyl ester",Unknown,,,FALSE,0,24.75002627,0.389999973,1561,22743,117177,632,662,mainlib,25.01000023,,C19H30O2
1551,"3-Heptanone, 2-methyl-",Unknown,,,FALSE,0,19.66669329,2.71999981,1815,22755,24003,761,810,mainlib,8.81000042,918,C8H16O
1887,2-Hydroxy-2-methylundec-5-en-3-one,Unknown,,,FALSE,0,21.08335986,1.819999873,1108,23008,29643,635,664,mainlib,6.840000153,,C12H22O2
1580,"9-Borabicyclo[3.3.1]nonane, 9-(1-ethyl-1-butenyl)-, (E)-",Unknown,,,FALSE,0,39.41669191,1.13999992,1743,23083,3988,633,670,mainlib,20.93000031,,C14H25B
1054,trans-3-Decene,Unknown,,,FALSE,0,20.50002657,3.329999767,3744,23178,2826,843,876,mainlib,6.090000153,986,C10H20
1681,"1-Oxaspiro[2.5]octane, 2,4,4-trimethyl-8-methylene-",Unknown,,,FALSE,0,31.41669247,1.449999899,1560,23219,141143,706,714,mainlib,12.14999962,,C11H18O
1666,"7,7-Dimethyl-9-oxatricyclo[6.2.2.0(1,6)]dodecan-10-one",Unknown,,,FALSE,0,32.50002573,1.079999924,1544,23312,102236,516,539,mainlib,5.619999886,,C13H20O2
1931,"Quinoxalin-2-one, decahydro-3-(3,3-dimethyl-2-oxobutenylideno)-",Unknown,,,FALSE,0,44.08335825,1.769999876,1132,23321,179442,628,693,mainlib,39.59000015,,C14H22N2O2
1565,"Tridecane, 3-methylene-",Unknown,,,FALSE,0,41.66669175,0.939999934,1770,23484,37325,717,763,mainlib,22.25,1407,C14H28
1705,"Phenethylamine, N-benzyl-p-chloro-",Unknown,,,FALSE,0,18.83336002,1.899999867,1545,23485,61756,715,833,mainlib,9.609999657,,C15H16ClN
1269,"Octane, 1-chloro-",Unknown,,,FALSE,0,23.41669303,2.42999983,2902,23524,59077,775,791,mainlib,22.69000053,1059,C8H17Cl
1045,"Azetidine, 3-methyl-3-phenyl-",Unknown,,,FALSE,0,20.08335993,2.049999857,3648,23569,98334,841,888,mainlib,30.54000092,,C10H13N
1721,Octanamide,Unknown,,,FALSE,0,34.08335895,1.749999878,1508,23671,30125,627,704,mainlib,19.09000015,1326,C8H17NO
1864,"Bicyclo[3.1.0]hexane-6-methanol, 2-hydroxy-1,4,4-trimethyl-",Unknown,,,FALSE,0,37.16669207,1.089999924,1226,23746,9469,634,683,mainlib,11.07999992,,C10H18O2
1830,Octanal,Unknown,,,FALSE,0,21.00002653,1.559999891,1255,23817,6679,766,828,mainlib,37.83000183,1003,C8H16O
928,Nonanal,Unknown,,,FALSE,0,25.25002623,1.889999868,4666,23882,23427,843,871,mainlib,59.61999893,1104,C9H18O
1299,"Octane, 1-chloro-",Unknown,,,FALSE,0,23.41669303,3.349999766,2701,23929,59077,813,826,mainlib,55.11999893,1059,C8H17Cl
1635,4-Methyl-2-oxopentanenitrile,Unknown,,,FALSE,0,28.41669268,1.919999866,1680,23957,2495,679,730,mainlib,10.76000023,,C6H9NO
1239,1-Decen-3-one,Unknown,,,FALSE,0,28.08335937,0.99999993,2790,24082,37292,766,839,mainlib,18.70999908,,C10H18O
1916,Nonanal,Unknown,,,FALSE,0,25.16669291,4.439999689,1079,24169,23427,745,778,mainlib,25.27000046,1104,C9H18O
1748,"4,5-Dihydrooxazole-5-one, 4-chloromethylene-2-phenyl-",Unknown,,,FALSE,0,23.66669301,3.489999756,1349,24236,79645,661,687,mainlib,8.550000191,,C10H6ClNO2
2039,"Ethanone, 1-[4-(1-methylethyl)phenyl]-",Unknown,,,FALSE,0,36.91669208,1.969999862,747,24249,134788,606,757,mainlib,8.229999542,1585,C11H14O
1665,"Heptane, 3-ethyl-",Unknown,,,FALSE,0,18.91669334,0.489999966,1772,24319,24025,773,904,mainlib,25.82999992,867,C9H20
1563,"Cyclopentanecarbonitrile, 2-imino-",Unknown,,,FALSE,0,40.33335851,1.989999861,1829,24329,83999,630,666,mainlib,18.29000092,,C6H8N2
1798,"2,3-Dihydroxy-6-nitroquinoxaline",Unknown,,,FALSE,0,23.66669301,4.599999678,1272,24506,188698,598,687,mainlib,9.680000305,,C8H5N3O4
2029,"1,4-Undecadiene, (E)-",Unknown,,,FALSE,0,26.00002618,4.159999709,805,24508,18640,593,662,mainlib,6.539999962,,C11H20
1772,2-Cyclohexyl-isoxazolidin-5-ol,Unknown,,,FALSE,0,40.66669182,1.449999899,1315,24510,20388,547,612,mainlib,23.18000031,,C9H17NO2
1360,"Naphthalene, 2,3,6-trimethyl-",Unknown,,,FALSE,0,40.9166918,0.939999934,2481,24524,159116,783,837,mainlib,31.65999985,1541,C13H14
1631,"Benzene, 1-ethyl-4-methyl-",Unknown,,,FALSE,0,19.16669333,1.779999875,1635,24552,80906,749,800,mainlib,12.97999954,954,C9H12
1200,"Octane, 1-chloro-",Unknown,,,FALSE,0,23.41669303,4.659999674,3077,24564,59077,719,724,mainlib,21.79000092,1059,C8H17Cl
1417,"5-Undecen-3-yne, (E)-",Unknown,,,FALSE,0,28.00002604,0.609999957,2444,24621,48758,727,755,mainlib,10.39000034,,C11H18
1679,"4,5-Dihydrooxazole-5-one, 4-chloromethylene-2-phenyl-",Unknown,,,FALSE,0,23.66669301,4.449999689,1607,24624,79645,603,617,mainlib,22.44000053,,C10H6ClNO2
1473,"Ethanol, 2-phenoxy-",Unknown,,,FALSE,0,29.66669259,1.029999928,2072,24626,67112,730,808,mainlib,45.75999832,1226,C8H10O2
1228,"Octane, 1-chloro-",Unknown,,,FALSE,0,23.41669303,2.759999807,2920,24658,59077,827,836,mainlib,46.77000046,1059,C8H17Cl
1224,"Octane, 1-chloro-",Unknown,,,FALSE,0,23.41669303,2.839999801,2949,24685,59077,821,831,mainlib,32.81999969,1059,C8H17Cl
1974,"Valeric acid, 4-nitrophenyl ester",Unknown,,,FALSE,0,33.50002566,2.869999799,966,24824,54921,705,787,mainlib,65,1740,C11H13NO4
1465,"Cycloheptene, 4-methoxy-2-phenyl-",Unknown,,,FALSE,0,36.16669214,0.789999945,2097,24877,159072,580,611,mainlib,11.77999973,,C14H18O
1779,"Cyclopropane, 1-heptyl-2-methyl-",Unknown,,,FALSE,0,24.66669294,3.039999787,1300,24885,22317,834,871,mainlib,5.210000038,,C11H22
1663,Benzenepropanenitrile,Unknown,,,FALSE,0,30.33335921,1.689999882,1738,24886,61981,832,876,mainlib,55.59000015,1244,C9H9N
1206,"1,4-Hexadien-3-one, 5-methyl-1-[2,6,6-trimethyl-2,4-cyclohexadien-1-yl]-",Unknown,,,FALSE,0,43.58335828,0.779999945,3019,24894,193446,739,752,mainlib,64.19999695,,C16H22O
1816,2-Trifluoroacetoxydodecane,Unknown,,,FALSE,0,30.66669252,1.14999992,1263,25013,5839,685,792,mainlib,6.550000191,,C14H25F3O2
1759,"Cyclopentanecarbonitrile, 2-imino-",Unknown,,,FALSE,0,40.33335851,2.089999854,1354,25042,83999,605,653,mainlib,16.62999916,,C6H8N2
1896,2-Myristynoyl-glycinamide,Unknown,,,FALSE,0,26.41669282,1.14999992,1107,25078,188617,498,512,mainlib,12.71000004,,C16H28N2O2
1144,"2,5,5-Trimethyl-3-phenyl-cyclohexanone",Unknown,,,FALSE,0,37.83335869,0.749999948,3576,25133,133120,649,664,mainlib,17.37000084,,C15H20O
1595,"1H-Indazole, 3-methyl-",Unknown,,,FALSE,0,31.66669245,1.459999898,1803,25303,116615,721,801,mainlib,13.28999996,,C8H8N2
1478,"Thiophene, 2,5-bis(2-methylpropyl)-",Unknown,,,FALSE,0,40.75002515,1.359999905,2115,25347,143040,657,690,mainlib,24.79999924,1533,C12H20S
1209,"Octane, 1-chloro-",Unknown,,,FALSE,0,23.41669303,2.689999812,2983,25418,59077,827,835,mainlib,41.56000137,1059,C8H17Cl
1538,"2-Octen-1-ol, (Z)-",Unknown,,,FALSE,0,25.58335954,0.849999941,2057,25473,23498,732,807,mainlib,12.43000031,1067,C8H16O
1236,trans-2-Undecen-1-ol,Unknown,,,FALSE,0,28.00002604,1.029999928,3075,25474,23443,739,777,mainlib,8.340000153,,C11H22O
1220,Nonanal,Unknown,,,FALSE,0,25.25002623,2.13999985,2896,25543,23427,816,845,mainlib,36.18000031,1104,C9H18O
1945,Linalool,Unknown,,,FALSE,0,35.66669217,1.419999901,1035,25662,39161,552,605,mainlib,16.95999908,1099,C10H18O
1264,"Octane, 1-chloro-",Unknown,,,FALSE,0,23.41669303,2.529999823,2782,25669,59077,786,799,mainlib,33.79999924,1059,C8H17Cl
1512,"8-Oxabicyclo[3.2.1]oct-6-en-2-one, 1,4,4-trimethyl-",Unknown,,,FALSE,0,29.33335928,0.659999954,2032,25672,51023,696,740,mainlib,14.5,,C10H14O2
1434,2-Allylamino-4-oxo-4-p-tolyl-butyric acid,Unknown,,,FALSE,0,25.25002623,0.739999948,2282,25819,99091,571,585,mainlib,7.820000172,,C14H17NO3
1519,2-Oxazolidinethione,Unknown,,,FALSE,0,20.25002658,1.699999881,1888,25886,76262,572,775,mainlib,19.89999962,,C3H5NOS
2028,"4-Hexenoic acid, 2-amino-6-hydroxy-4-methyl-",Unknown,,,FALSE,0,26.83335946,1.769999876,754,25969,33277,616,759,mainlib,9.800000191,,C7H13NO3
1556,"Hexane, 2,4-dimethyl-",Unknown,,,FALSE,0,16.50002685,0.609999957,1800,26155,7646,753,824,mainlib,7.190000057,732,C8H18
1555,trans-3-Decene,Unknown,,,FALSE,0,20.50002657,4.039999717,1806,26346,2826,841,869,mainlib,5.639999866,986,C10H20
1828,"1(2H)-Naphthalenone, 3,4,4a,5,8,8a-hexahydro-8a-methyl-, trans-",Unknown,,,FALSE,0,27.5833594,1.649999885,1198,26447,3634,684,744,mainlib,9.479999542,,C11H16O
1905,Azeleonitrile,Unknown,,,FALSE,0,38.91669194,4.039999717,1171,26527,3693,747,805,mainlib,30.90999985,,C9H14N2
1629,"Naphthalene, 1,2,3,4-tetrahydro-2,7-dimethyl-",Unknown,,,FALSE,0,33.41669233,0.689999952,1691,26592,98611,677,720,mainlib,9.859999657,1304,C12H16
2001,2-Oxepanone,Unknown,,,FALSE,0,26.75002613,2.70999981,947,26737,4692,700,779,mainlib,29.07999992,,C6H10O2
1102,1-Chloroundecane,Unknown,,,FALSE,0,23.41669303,4.159999709,3464,26777,2528,708,712,mainlib,18.86000061,1357,C11H23Cl
866,1-Decene,Natural Marine,,maybe marine contam,TRUE,0,20.50002657,2.27999984,5129,26811,22306,880,897,mainlib,8.25,989,C10H20
2005,"Cyclopropane-1-carbohydrazide, 2-phenyl-N2-(3-methylcyclohexylideno)-",Unknown,,,FALSE,0,36.75002543,1.239999913,868,26823,2235,530,570,mainlib,27.19000053,,C17H22N2O
1978,"9,11-Dodecadien-1-ol",Unknown,,,FALSE,0,39.91669187,4.2799997,952,26826,32403,643,694,mainlib,13.78999996,,C12H22O
1533,"2-Butyn-1-ol, 4-methoxy-",Unknown,,,FALSE,0,19.66669329,1.309999908,1909,27006,1691,663,737,mainlib,27.29999924,,C5H8O2
1490,"4-(4-Hydroxyphenyl)-4-methyl-2-pentanone, TMS derivative",Unknown,,,FALSE,0,21.66669315,0.629999956,2279,27247,188645,648,795,mainlib,6.920000076,,C15H24O2Si
2014,"2(3H)-Furanone, 5-ethyldihydro-",Unknown,,,FALSE,0,28.33335935,2.669999813,806,27258,54560,625,671,mainlib,14.05000019,1057,C6H10O2
1891,1-Amino-4-methylpiperazine,Unknown,,,FALSE,0,22.75002641,2.42999983,1137,27423,72067,647,681,mainlib,29.97999954,,C5H13N3
1255,"Octane, 1-chloro-",Unknown,,,FALSE,0,23.41669303,3.009999789,2871,27454,59077,812,825,mainlib,49.81999969,1059,C8H17Cl
1934,"1,3,5-Cycloheptatriene, 7,7-dimethyl-",Unknown,,,FALSE,0,17.50002678,1.849999871,1074,27530,80230,671,783,mainlib,8.850000381,,C9H12
1591,"Cyclohexanone, 2-methyl-",Unknown,,,FALSE,0,21.5000265,1.409999901,1733,27711,33285,833,888,mainlib,60.84000015,953,C7H12O
1898,7-Nonynoic acid,Unknown,,,FALSE,0,39.00002527,1.419999901,1070,27864,33238,596,651,mainlib,17.92000008,,C9H14O2
1240,"4-Stilbenol, 4'-(benzyloxy)-α,α'-diethyl-",Unknown,,,FALSE,0,25.50002622,0.609999957,2979,28084,64768,524,619,mainlib,13.82999992,,C25H26O2
2000,1-indanol trifluoroacetate ester,Unknown,,,FALSE,0,22.75002641,2.119999852,884,28371,96618,650,762,mainlib,28.30999947,,C11H9F3O2
1809,3-Methylbuphedrone,Unknown,,,FALSE,0,18.83336002,2.299999839,1324,28488,40059,522,598,mainlib,25.12999916,,C12H17NO
1354,"Azuleno[4,5-b]furan-2(3H)-one, decahydro-8,9-dihydroxy-6,9a-dimethyl-3-methylene-, [3aS-(3aα,6ß,6aα,8α,9α,9aß,9bα)]-",Unknown,,,FALSE,0,46.83335806,0.829999942,2457,28502,177059,612,628,mainlib,17.04000092,,C15H22O4
1712,Undecanenitrile,Unknown,,,FALSE,0,44.75002487,1.499999895,1490,28596,2535,737,768,mainlib,5.329999924,,C11H21N
1249,"Octane, 1-chloro-",Unknown,,,FALSE,0,23.41669303,3.439999759,2822,28764,59077,820,828,mainlib,37,1059,C8H17Cl
2018,Pterin-6-carboxylic acid,Unknown,,,FALSE,0,37.41669205,1.519999894,890,28812,15350,598,633,mainlib,28.29999924,,C7H5N5O3
1637,Decanenitrile,Unknown,,,FALSE,0,35.41669219,1.329999907,1784,28829,2053,756,827,mainlib,36.88999939,1286,C10H19N
1649,"1-Butanone, 1-phenyl-",Unknown,,,FALSE,0,30.9166925,1.109999922,1702,28888,79386,665,733,mainlib,19.95999908,1263,C10H12O
1865,"Cyclopentanone, 2-(2-methylpropylidene)-",Unknown,,,FALSE,0,25.66669287,1.319999908,1131,28968,32510,692,754,mainlib,9,,C9H14O
790,1-Decene,Unknown,,,FALSE,0,20.50002657,2.119999852,5492,29110,22306,864,886,mainlib,6.389999866,989,C10H20
1655,"Cyclopentaneacetaldehyde, 2-formyl-3-methyl-α-methylene-",Unknown,,,FALSE,0,24.50002629,1.27999991,1584,29456,50618,660,671,mainlib,6.510000229,1314,C10H14O2
1678,2-(2-Butoxyethoxy)ethyl benzoate,Unknown,,,FALSE,0,41.08335846,1.019999929,1653,29669,78165,591,649,mainlib,6.860000134,,C15H22O4
1813,Coumarin,Unknown,,,FALSE,0,36.08335881,1.809999873,1293,29720,134266,721,786,mainlib,24.35000038,1441,C9H6O2
892,1-Decene,Unknown,,,FALSE,0,20.50002657,2.489999826,4971,29723,22306,845,866,mainlib,5.809999943,989,C10H20
1466,(4-Methyl-1-methylenepent-4-enyl)benzene,Unknown,,,FALSE,0,40.66669182,1.339999906,2101,29796,94048,682,710,mainlib,35.72000122,,C13H16
1462,"1,4-Benzenediamine, N,N'-bis(1-methylethyl)-",Unknown,,,FALSE,0,43.50002496,1.239999913,2160,29828,165274,718,821,mainlib,34.97999954,,C12H20N2
1795,N-[2-[Cyclooctylamino]ethyl]aziridine,Unknown,,,FALSE,0,32.50002573,1.299999909,1333,30024,127439,555,630,mainlib,13.07999992,,C12H24N2
1708,"3H-Indazol-3-one, 1,2-dihydro-",Unknown,,,FALSE,0,29.41669261,1.209999915,1555,30082,81113,611,681,mainlib,11.78999996,,C7H6N2O
1191,"Hexane, 1-chloro-5-methyl-",Unknown,,,FALSE,0,23.41669303,4.599999678,3006,30108,59078,733,785,mainlib,20.95000076,,C7H15Cl
1836,"4,7,7-Trimethyl-3,9-dioxatricyclo[6.1.0.0(2,4)]nonan-5-one",Unknown,,,FALSE,0,26.33335949,1.069999925,1247,30224,22217,536,608,mainlib,18.38999939,,C10H14O3
1526,"Naphthalene, 1,5-dimethyl-",Unknown,,,FALSE,0,37.5833587,0.889999938,1950,30284,146177,717,786,mainlib,12.10999966,1440,C12H12
1383,"Acetic acid, (1,2,3,4,5,6,7,8-octahydro-3,8,8-trimethylnaphth-2-yl)methyl ester",Unknown,,,FALSE,0,32.08335909,0.659999954,2562,30308,13123,720,722,mainlib,6.710000038,,C16H26O2
1701,"2-Nonenal, (Z)-",Unknown,,,FALSE,0,26.83335946,1.189999917,1522,30334,2062,714,773,mainlib,9.159999847,1148,C9H16O
1470,"1,7-Dimethyl-3-phenyltricyclo[4.1.0.0(2,7)]hept-3-ene",Unknown,,,FALSE,0,46.16669144,0.949999934,2128,30441,168512,603,616,mainlib,10.96000004,,C15H16
1146,Nonane,Unknown,,,FALSE,0,16.50002685,1.639999885,3264,30549,7675,781,841,mainlib,13.56000042,900,C9H20
1850,"Cyclopentaneacetic acid, 3-oxo-2-pentyl-, methyl ester",Unknown,,,FALSE,0,43.50002496,1.4299999,1201,30573,52825,675,800,mainlib,77.90000153,1649,C13H22O3
1346,Edulan II,Unknown,,,FALSE,0,17.66669343,0.539999962,2735,30587,164734,567,607,mainlib,13.59000015,1247,C13H20O
1279,Benzaldehyde,Unknown,,,FALSE,0,19.25002665,2.639999815,2950,30742,47131,830,858,mainlib,35.59000015,962,C7H6O
1882,Coumarin,Unknown,,,FALSE,0,37.25002539,1.969999862,1145,30748,134266,737,817,mainlib,30.95000076,1441,C9H6O2
1340,"5,6,7,8,9,10-Hexahydrobenzocyclooctene",Unknown,,,FALSE,0,31.5000258,0.649999955,2481,30838,77711,704,763,mainlib,8.859999657,,C12H16
1059,"Cyclopropane, 1-hexyl-2-methyl-",Unknown,,,FALSE,0,20.50002657,3.389999763,3661,31352,22308,848,864,mainlib,6.010000229,963,C10H20
1100,"Naphthalene, 2,3,6-trimethyl-",Unknown,,,FALSE,0,40.33335851,0.899999937,3776,31396,159116,773,828,mainlib,25.10000038,1541,C13H14
1233,"Octane, 1-chloro-",Unknown,,,FALSE,0,23.41669303,3.049999787,2981,31424,59077,807,813,mainlib,39.29999924,1059,C8H17Cl
1554,"2-Propenoic acid, 2-methyl-, 3,3,5-trimethylcyclohexyl ester",Unknown,,,FALSE,0,34.16669228,1.039999927,1820,31528,85790,723,801,mainlib,17.15999985,,C13H22O2
1274,"Heptane, 1-chloro-",Unknown,,,FALSE,0,23.41669303,4.739999668,2857,31679,59287,748,758,mainlib,32.49000168,946,C7H15Cl
1073,"Octane, 1-chloro-",Unknown,,,FALSE,0,23.41669303,4.099999713,3635,31760,59077,699,705,mainlib,18.20000076,1059,C8H17Cl
1509,"Benzaldehyde, 3-hydroxy-4-methoxy-",Unknown,,,FALSE,0,35.83335883,1.589999889,2059,32001,141499,793,821,mainlib,24.80999947,1435,C8H8O3
1937,1-Cyclohexene-1-acetonitrile,Unknown,,,FALSE,0,26.16669284,1.589999889,1043,32024,50022,629,715,mainlib,6.28000021,,C8H11N
1548,"Benzaldehyde, 4-propyl-",Unknown,,,FALSE,0,31.75002578,1.169999918,1877,32079,61666,706,806,mainlib,23.76000023,,C10H12O
1404,Benzaldehyde,Unknown,,,FALSE,0,19.25002665,2.989999791,2394,32188,47131,845,878,mainlib,35.97000122,962,C7H6O
1357,"Hexane-2,6-di(isonitrile), 1-(formyloxymethyl)-",Unknown,,,FALSE,0,39.83335855,1.71999988,2424,32245,18647,656,684,mainlib,25.19000053,,C9H12N2O2
1162,Cinnoline,Unknown,,,FALSE,0,28.58335933,1.319999908,3195,32511,114860,728,884,mainlib,23.51000023,,C8H6N2
1343,"2-Octenal, (E)-",Unknown,,,FALSE,0,23.3333597,1.339999906,2606,32723,2642,831,838,mainlib,18.72999954,1060,C8H14O
1353,Nonanal,Unknown,,,FALSE,0,25.25002623,2.329999837,2540,32724,23427,820,861,mainlib,40.86000061,1104,C9H18O
1324,Benzaldehyde,Unknown,,,FALSE,0,19.25002665,2.749999808,2646,32800,47131,875,903,mainlib,42.33000183,962,C7H6O
1459,"1,2-Benzisothiazol-3-amine, TBDMS derivative",Unknown,,,FALSE,0,23.50002636,1.219999915,2080,32897,188958,529,544,mainlib,7.320000172,,C13H20N2SSi
1402,"Ethanone, 1-(4-methylphenyl)-",Unknown,,,FALSE,0,27.91669271,1.28999991,2334,32965,99548,801,844,mainlib,43.49000168,1183,C9H10O
1506,"2-Octen-1-ol, (Z)-",Unknown,,,FALSE,0,22.75002641,0.869999939,2048,32985,23498,765,824,mainlib,34.65000153,1067,C8H16O
1204,(Z)-3-Phenylacrylaldehyde,Unknown,,,FALSE,0,28.33335935,1.219999915,3027,33006,115751,824,850,mainlib,15.89000034,1219,C9H8O
1382,"1,8:2,7-Dimethanodibenzo[a,e]cyclobuta[c]cycloocten-13-one, 1,2,2a,7,8,12b-hexahydro-1-methoxy-",Unknown,,,FALSE,0,40.08335853,1.119999922,2513,33054,147868,807,901,mainlib,33.00999832,,C21H18O2
1604,Dimethyl[bis(1-methylpropoxy)]silane,Unknown,,,FALSE,0,22.91669306,0.629999956,1764,33177,163439,609,619,mainlib,12.68999958,,C10H24O2Si
1370,Benzaldehyde,Unknown,,,FALSE,0,19.16669333,2.939999794,2416,33379,47131,862,913,mainlib,68.15000153,962,C7H6O
1056,"Cyclohexanol, 3,3,5-trimethyl-",Unknown,,,FALSE,0,23.3333597,0.899999937,3794,33639,85919,844,854,mainlib,35.63999939,1073,C9H18O
1106,1-Decene,Unknown,,,FALSE,0,20.50002657,3.42999976,3352,34291,22306,845,871,mainlib,6.639999866,989,C10H20
993,1-Decene,Unknown,,,FALSE,0,20.50002657,3.039999787,4177,34398,22306,896,915,mainlib,13.47999954,989,C10H20
1393,"3-Pyridinemethanamine, α-phenyl-",Unknown,,,FALSE,0,43.16669165,0.839999941,2378,34416,82859,534,620,mainlib,9,,C12H12N2
1669,Cyclopentaneundecanoic acid,Unknown,,,FALSE,0,27.33335942,0.809999943,1598,34454,2633,654,696,mainlib,18.37999916,,C16H30O2
1205,"Tetrasiloxane, 1,1,3,3,5,5,7,7-octamethyl-",Unknown,,,FALSE,0,25.33335956,0.659999954,3052,34520,43144,503,659,mainlib,35.22999954,,C8H26O3Si4
1164,"trisiloxane, 1,1,1,5,5,5-hexamethyl-3-[(trimethylsilyl)oxy]-",Unknown,,,FALSE,0,20.16669326,3.729999739,3098,34707,219896,722,789,mainlib,42.68999863,,C9H28O3Si4
1571,"Cyclopentanol, 1,2-dimethyl-3-(1-methylethenyl)-, [1R-(1α,2ß,3ß)]-",Unknown,,,FALSE,0,28.33335935,0.769999946,1850,34731,102265,724,777,mainlib,11.60000038,1503,C10H18O
1594,"3-Hexanone, 2,5-dimethyl-",Unknown,,,FALSE,0,19.66669329,2.839999801,1724,35106,25884,771,811,mainlib,21.54000092,,C8H16O
825,Eucalyptol,Unknown,,,FALSE,0,22.33335977,0.639999955,5685,35107,9537,811,819,mainlib,56.95999908,1032,C10H18O
1332,"4-[2,2-Bis(methylthio)vinyl]-5-methyl-2-phenyl[1,3]dioxane",Unknown,,,FALSE,0,34.91669222,0.809999943,2741,35439,136000,565,574,mainlib,27.13999939,,C15H20O2S2
1599,"Benzo[b]thiophene-3-carboxylic acid, 4,5,6,7-tetrahydro-2-benzoylamino-7-oxo-, ethyl ester",Unknown,,,FALSE,0,27.66669273,1.339999906,1756,35537,79112,697,729,mainlib,5.400000095,,C18H17NO4S
1537,2-Nonenenitrile,Unknown,,,FALSE,0,26.41669282,1.27999991,1979,35731,6141,761,866,mainlib,76.59999847,1194,C9H15N
1214,"Octanoic acid, methyl ester",Unknown,,,FALSE,0,25.91669285,0.829999942,3039,35751,44730,748,795,mainlib,45.77000046,1126,C9H18O2
1880,"2-Decenal, (Z)-",Unknown,,,FALSE,0,31.16669249,1.539999892,1113,36117,2441,661,781,mainlib,8.590000153,1252,C10H18O
1416,"Phenol, 2,6-bis(1,1-dimethylethyl)-4-ethyl-",Unknown,,,FALSE,0,40.50002517,0.949999934,2298,36328,195242,629,684,mainlib,32.86000061,1754,C16H26O
1579,"Benzeneethanol, α-methyl-3-(1-methylethyl)-",Unknown,,,FALSE,0,38.33335865,1.449999899,1813,36597,12834,677,684,mainlib,54.86000061,,C12H18O
1481,"Cyclohexanol, 5-methyl-2-(1-methylethyl)-, (1α,2ß,5ß)-",Unknown,,,FALSE,0,28.1666927,0.799999944,2078,36607,39171,787,834,mainlib,9.489999771,1183,C10H20O
1213,"Cyclotetrasiloxane, octamethyl-",Unknown,,,FALSE,0,32.16669242,0.729999949,3038,36672,220100,684,826,mainlib,24.60000038,997,C8H24O4Si4
1628,"1-Hexene, 3,4,5-trimethyl-",Unknown,,,FALSE,0,32.58335905,1.419999901,1603,36772,8844,684,794,mainlib,9.640000343,,C9H18
1083,"2-tert-Butyl-6-methylphenol, isopropyl ether",Unknown,,,FALSE,0,32.58335905,0.759999947,3616,37064,137914,699,767,mainlib,13.47000027,,C14H22O
1493,"Hexanoic acid, 3,5,5-trimethyl-, 2-ethylhexyl ester",Unknown,,,FALSE,0,43.58335828,0.869999939,2052,37100,25451,630,783,mainlib,14.56000042,1660,C17H34O2
1111,"12,15-Octadecadiynoic acid, methyl ester",Unknown,,,FALSE,0,39.58335856,1.009999929,3390,37110,10232,559,583,mainlib,7.730000019,,C19H30O2
1064,"4a-Methyl-1-methylene-1,2,3,4,4a,9,10,10a-octahydrophenanthrene",Unknown,,,FALSE,0,45.91669145,0.819999943,3762,37175,182800,672,687,mainlib,27.40999985,,C16H20
1480,"2-Cyclopenten-1-one, 2-hydroxy-",Unknown,,,FALSE,0,17.91669341,1.209999915,2059,37285,70967,796,929,mainlib,48.18999863,926,C5H6O2
1632,Decane,Unknown,,,FALSE,0,20.83335988,2.409999831,1652,37471,23988,734,876,mainlib,8.739999771,1000,C10H22
1463,"1-Hexanol, 2,2-dimethyl-",Unknown,,,FALSE,0,21.41669317,0.699999951,2220,37547,24010,774,818,mainlib,27.86000061,,C8H18O
1217,"Thieno[2,3-c]furan-3-carbonitrile, 2-amino-4,6-dihydro-4,4,6,6-tetramethyl-",Unknown,,,FALSE,0,23.50002636,1.059999926,3072,37580,188604,578,587,mainlib,10.97999954,,C11H14N2OS
1516,"3-Cyclohexen-1-nitrile, 6-methyl-",Unknown,,,FALSE,0,39.41669191,1.739999878,1985,38133,33280,639,681,mainlib,37.41999817,,C8H11N
1517,1-Octen-3-one,Unknown,,,FALSE,0,24.16669298,1.029999928,2164,38237,20325,667,826,mainlib,10.32999992,979,C8H14O
969,1-Ethynyl-1-cyclooctanol,Unknown,,,FALSE,0,27.41669275,0.549999962,4590,38446,33271,700,749,mainlib,5.210000038,,C10H16O
981,"Azetidine, 3-methyl-3-phenyl-",Unknown,,,FALSE,0,20.08335993,1.919999866,4368,38727,98334,854,886,mainlib,39.90999985,,C10H13N
1468,Octanal,Unknown,,,FALSE,0,21.00002653,2.519999824,2038,38780,6679,817,837,mainlib,37.63000107,1003,C8H16O
1738,trans-Z-α-Bisabolene epoxide,Unknown,,,FALSE,0,37.41669205,1.209999915,1396,38805,5901,661,706,mainlib,7.320000172,1586,C15H24O
1582,"2-(4a,8-Dimethyl-6-oxo-1,2,3,4,4a,5,6,8a-octahydro-naphthalen-2-yl)-propionaldehyde",Unknown,,,FALSE,0,44.16669158,1.119999922,1884,39005,67765,698,707,mainlib,17.62999916,,C15H22O2
1780,"Butyric acid, thio-, S-ester with 1-mercapto-2-butanone",Unknown,,,FALSE,0,33.25002567,1.419999901,1330,39126,38427,561,583,mainlib,9.399999619,,C8H14O2S
1640,"2-Pentanamine, N-ethyl-4-methyl-",Unknown,,,FALSE,0,32.50002573,1.809999873,1655,39129,39719,677,721,mainlib,21.40999985,,C8H19N
1232,"Naphthalene, 1,2,3,4-tetrahydro-2,7-dimethyl-",Unknown,,,FALSE,0,33.75002564,0.669999953,3060,39210,98611,727,743,mainlib,9.31000042,1304,C12H16
1499,"1-(1,3-Dimethyl-buta-1,3-dienyl)-3,7,7-trimethyl-2-oxa-bicyclo[3.2.0]hept-3-ene",Unknown,,,FALSE,0,38.58335863,0.919999936,2090,39244,100467,662,731,mainlib,10.11999989,,C15H22O
1263,2-Nonenenitrile,Unknown,,,FALSE,0,28.41669268,1.539999892,2868,40009,6141,763,857,mainlib,53.97999954,1194,C9H15N
939,1-Decene,Unknown,,,FALSE,0,20.50002657,2.849999801,4569,40042,22306,899,916,mainlib,14.56999969,989,C10H20
1562,"1H-Pyrazole, 3,5-bis(1,1-dimethylethyl)-4-methyl-",Unknown,,,FALSE,0,39.25002525,1.619999887,1886,40064,166548,553,632,mainlib,8.590000153,,C12H22N2
1617,"Fluorene, 1,2,3,4,4a,9a-hexahydro-, cis-",Unknown,,,FALSE,0,39.41669191,1.359999905,1703,40264,113980,614,734,mainlib,9.640000343,,C13H16
1371,Octanal,Unknown,,,FALSE,0,21.00002653,3.679999742,2372,40360,6679,836,850,mainlib,41.15999985,1003,C8H16O
1320,"Benzene, 1,3-bis(1,1-dimethylethyl)-",Unknown,,,FALSE,0,30.75002585,0.639999955,2801,40364,163378,722,839,mainlib,49.61000061,1247,C14H22
1699,"Azetidine, 3-methyl-3-phenyl-",Unknown,,,FALSE,0,20.08335993,1.249999913,1486,40622,98334,696,836,mainlib,19.35000038,,C10H13N
1689,"4-Pentenenitrile, 2-methylene-",Unknown,,,FALSE,0,17.25002679,1.659999884,1565,40720,31978,740,850,mainlib,50.90999985,,C6H7N
1471,"5-Hepten-3-one, 5-methyl-",Unknown,,,FALSE,0,41.08335846,2.489999826,2073,40756,23106,580,862,mainlib,8.649999619,,C8H14O
1362,"Octane, 1-bromo-",Unknown,,,FALSE,0,26.75002613,0.679999952,2458,40783,24057,713,783,mainlib,47.99000168,1134,C8H17Br
1671,Benzyl methyl ketone,Natural Marine,,marine?,FALSE,0,26.16669284,1.369999904,1647,40998,10244,786,846,mainlib,74.80000305,1110,C9H10O
1197,"Octane, 1-chloro-",Unknown,,,FALSE,0,23.41669303,2.599999818,3033,41134,59077,832,841,mainlib,49.47999954,1059,C8H17Cl
1262,"1H-Cyclopropa[l]phenanthrene,1a,9b-dihydro-",Unknown,,,FALSE,0,47.08335804,0.889999938,2877,41994,179135,740,772,mainlib,26.62999916,,C15H12
847,1-Decene,Unknown,,,FALSE,0,20.50002657,2.329999837,5302,42031,22306,858,881,mainlib,6.570000172,989,C10H20
1306,4-Cyanocyclohexene,Unknown,,,FALSE,0,21.66669315,1.539999892,2803,42162,18606,826,839,mainlib,71.86000061,,C7H9N
1764,quinoline,Unknown,,,FALSE,0,32.4166924,1.609999887,1318,42302,115,763,823,amze_unnamedsesq_1,22.25,1278,-
1503,1-(1-Methoxypropan-2-yloxy)propan-2-yl acetate,Unknown,,,FALSE,0,21.91669313,0.729999949,1957,42348,29759,682,747,mainlib,9.880000114,,C9H18O4
1135,"Octane, 1-chloro-",Unknown,,,FALSE,0,23.41669303,3.239999773,3352,42896,59077,836,852,mainlib,56.13999939,1059,C8H17Cl
913,1-Decene,Unknown,,,FALSE,0,20.50002657,2.639999815,4826,42996,22306,863,882,mainlib,7.690000057,989,C10H20
867,1-Decene,Unknown,,,FALSE,0,20.50002657,2.789999805,5266,43263,22306,867,876,mainlib,5.699999809,989,C10H20
1256,Menthyl salicylate,Unknown,,,FALSE,0,47.91669131,0.969999932,2910,43322,124314,606,725,mainlib,10.36999989,,C17H24O3
1019,"Azetidine, 3-methyl-3-phenyl-",Unknown,,,FALSE,0,20.08335993,2.009999859,4110,43440,98334,879,924,mainlib,45.75,,C10H13N
1244,"2-Propen-1-one, 1-phenyl-",Unknown,,,FALSE,0,27.25002609,1.199999916,2965,43871,78593,763,795,mainlib,51.58000183,1143,C9H8O
1282,"Pentanoic acid, 2,2,4-trimethyl-3-carboxyisopropyl, isobutyl ester",Unknown,,,FALSE,0,35.33335886,0.679999952,3024,44089,38235,654,726,mainlib,39.20999908,1581,C16H30O4
832,"Cyclopropane, 1-hexyl-2-methyl-",Unknown,,,FALSE,0,20.50002657,2.229999844,5329,44188,22308,861,882,mainlib,6.679999828,963,C10H20
1608,cis-2-Nonene,Unknown,,,FALSE,0,17.08336014,0.489999966,1827,44243,19137,744,898,mainlib,15.56000042,902,C9H18
1186,2-But-2-enyl-1H-imidazole,Unknown,,,FALSE,0,25.33335956,0.829999942,3042,44466,84122,651,682,mainlib,16.18000031,,C7H10N2
1682,3-Hexenedinitrile,Unknown,,,FALSE,0,23.00002639,3.969999722,1504,44630,31980,742,863,mainlib,51.27999878,,C6H6N2
1097,"Piperidine, 1-(4-methyl-4-penten-2-ynyl)-",Unknown,,,FALSE,0,35.66669217,0.849999941,3513,44890,151824,639,673,mainlib,9.130000114,,C11H17N
1729,"1,6-Dioxacyclododecane-7,12-dione",Unknown,,,FALSE,0,40.66669182,1.599999888,1427,45380,19796,659,708,mainlib,33.75,,C10H16O4
1454,"2,3-Dioxabicyclo[2.2.1]heptane, 1-methyl-",Unknown,,,FALSE,0,26.16669284,1.189999917,2180,45522,5808,680,761,mainlib,6.269999981,,C6H10O2
1782,"2,5-Octadecadiynoic acid, methyl ester",Unknown,,,FALSE,0,42.08335839,1.179999917,1404,45534,60962,579,591,mainlib,6.070000172,,C19H30O2
1032,"2,5-Octadecadiynoic acid, methyl ester",Unknown,,,FALSE,0,43.50002496,0.729999949,3932,45575,60962,675,730,mainlib,15.35999966,,C19H30O2
1644,"Benzene, 1-ethyl-3-methyl-",Unknown,,,FALSE,0,19.16669333,1.899999867,1576,45627,80899,725,799,mainlib,21.26000023,957,C9H12
1698,"2-Decen-1-ol, (Z)-",Unknown,,,FALSE,0,29.0833593,1.399999902,1520,45883,23457,663,737,mainlib,8.43999958,1221,C10H20O
1108,"2-Propenoic acid, 2-methyl-, 3,3,5-trimethylcyclohexyl ester",Unknown,,,FALSE,0,34.00002562,0.909999936,3444,45890,85790,763,805,mainlib,41.56000137,,C13H22O2
1318,"Octane, 1-chloro-",Unknown,,,FALSE,0,23.41669303,2.309999838,2570,46186,59077,816,838,mainlib,47.88999939,1059,C8H17Cl
1268,"1H,1H,2H,2H-Perfluorooctan-1-ol",Unknown,,,FALSE,0,17.83336009,1.509999894,2907,46384,1535,667,756,mainlib,61.34999847,,C8H5F13O
1477,Ethyl-2-benzofuran,Unknown,,,FALSE,0,32.75002571,1.309999908,2038,46595,115941,720,773,mainlib,16.76000023,,C10H10O
1095,3-Hydroxy-α-ionene,Unknown,,,FALSE,0,32.91669236,0.699999951,3697,46723,85989,680,708,mainlib,7.980000019,,C13H20O2
873,Acenaphthene,Unknown,,,FALSE,0,38.91669194,0.909999936,5164,46905,143223,747,852,mainlib,36.36000061,1486,C12H10
1021,"Benzene, n-butyl-",Unknown,,,FALSE,0,23.25002637,0.639999955,4243,46915,60639,800,842,mainlib,41.86000061,1054,C10H14
1281,1-Decene,Unknown,,,FALSE,0,20.50002657,3.629999746,2866,46928,22306,797,830,mainlib,2.75,989,C10H20
1134,"2-Methyl-E,E-3,13-octadecadien-1-ol",Unknown,,,FALSE,0,41.41669177,1.379999903,3528,47362,19018,563,564,mainlib,8.680000305,,C19H36O
1399,9H-Florenone,Unknown,,,FALSE,0,46.33335809,1.369999904,2364,47376,65,782,842,amze_unnamedsesq_1,33.97000122,1778,-
1110,"4-Dodecene, (E)-",Unknown,,,FALSE,0,24.16669298,0.509999964,3382,47660,19114,778,859,mainlib,5.489999771,1181,C12H24
1456,"syn-Tricyclo[5.1.0.0(2,4)]oct-5-ene, 3,3,5,6,8,8-hexamethyl-",Unknown,,,FALSE,0,35.91669215,1.249999913,2153,47982,163589,644,670,mainlib,6.170000076,,C14H22
1218,Benzaldehyde,Unknown,,,FALSE,0,19.25002665,2.499999825,2918,48201,47131,865,895,mainlib,39.13000107,962,C7H6O
877,"2-Decene, (E)-",Unknown,,,FALSE,0,20.50002657,2.759999807,5057,48545,19647,849,866,mainlib,6.650000095,997,C10H20
937,"3-Buten-2-one, 4-phenyl-, (E)-",Unknown,,,FALSE,0,32.00002576,1.27999991,4674,48691,76623,730,749,mainlib,16.12000084,1330,C10H10O
1367,3-Amino-5-t-butylisoxazole,Unknown,,,FALSE,0,39.66669189,2.919999796,2618,48736,109760,639,671,mainlib,15.88000011,,C7H12N2O
1667,"Urea, trimethyl-",Unknown,,,FALSE,0,19.75002662,2.359999835,1553,48980,15338,626,701,mainlib,22.97999954,976,C4H10N2O
1494,Hex-1-enylbenzene,Unknown,,,FALSE,0,33.75002564,0.729999949,2088,49034,97293,771,815,mainlib,48.31000137,,C12H16
1690,"4,5-Dihydrooxazole-5-one, 4-chloromethylene-2-phenyl-",Unknown,,,FALSE,0,23.66669301,4.489999686,1493,49340,79645,565,594,mainlib,14.38000011,,C10H6ClNO2
1520,"Silane, triethyl(2-phenylethoxy)-",Unknown,,,FALSE,0,23.66669301,4.329999697,1941,49633,188659,529,544,mainlib,4.900000095,,C14H24OSi
1147,"Octane, 1-chloro-",Unknown,,,FALSE,0,23.41669303,4.42999969,3345,49771,59077,735,744,mainlib,15.39000034,1059,C8H17Cl
1234,"Octane, 1-chloro-",Unknown,,,FALSE,0,23.41669303,2.919999796,2852,50427,59077,831,841,mainlib,53.65000153,1059,C8H17Cl
891,"1-Octene, 3,7-dimethyl-",Unknown,,,FALSE,0,20.50002657,2.579999819,5001,50434,20349,830,856,mainlib,3.75999999,963,C10H20
1377,Octanal,Unknown,,,FALSE,0,21.00002653,4.329999697,2435,50691,6679,842,852,mainlib,60.38000107,1003,C8H16O
1028,"2,5-Cyclohexadiene-1,4-dione, 2,5-bis(1,1-dimethylpropyl)-",Unknown,,marine?,TRUE,0,43.91669159,1.129999921,4143,51073,2087,815,819,mainlib,81.65000153,,C16H24O2
1605,"4-Pyridinemethanol, 3-hydroxy-2,5-dimethyl-",Unknown,,,FALSE,0,39.58335856,1.319999908,1727,51542,32212,533,650,mainlib,18.62999916,,C8H11NO2
741,"Benzene, [1-(2,4-cyclopentadien-1-ylidene)ethyl]-",Unknown,,,FALSE,0,42.33335837,0.919999936,6371,51916,143282,814,852,mainlib,45.36999893,,C13H12
1312,"Phenol, 2,6-bis(1,1-dimethylpropyl)-4-methyl-",Unknown,,,FALSE,0,46.33335809,1.14999992,2642,52235,195693,658,688,mainlib,48.90000153,,C17H28O
1094,"Adamantan-2-ol, 4-bromo-, cis",Unknown,,,FALSE,0,23.50002636,0.42999997,3603,52248,117266,642,655,mainlib,10.92000008,,C10H15BrO
979,Heptanal,Unknown,,,FALSE,0,16.50002685,2.249999843,4311,53666,37042,815,840,mainlib,56.49000168,901,C7H14O
1546,"2,5-Furandione, 3-(1,1-dimethylethyl)-",Unknown,,,FALSE,0,24.91669292,2.739999808,2068,53681,32365,750,792,mainlib,66.52999878,,C8H10O3
1476,"2H-Pyran-2-one, tetrahydro-",Unknown,,,FALSE,0,23.16669305,3.039999787,2081,53833,4459,799,840,mainlib,70.29000092,961,C5H8O2
1576,"Pentanedinitrile, 2-methylene-",Unknown,,,FALSE,0,23.25002637,3.769999736,1731,53901,32023,680,774,mainlib,26.75,1023,C6H6N2
986,"Cyclohexene, 5,6-diethenyl-1-methyl-",Unknown,,,FALSE,0,24.00002632,0.519999964,4469,54209,49101,669,767,mainlib,3.789999962,,C11H16
1173,2-Coumaranone,Natural Marine,,marine,TRUE,0,30.16669256,1.559999891,3098,55848,48312,817,849,mainlib,74.09999847,1270,C8H6O2
730,"Nonane, 1-chloro-",Unknown,,,FALSE,0,31.33335914,0.679999952,6596,56638,10202,713,771,mainlib,23.11000061,1159,C9H19Cl
1246,"3-Hexanol, 5-methyl-",Unknown,,,FALSE,0,16.50002685,0.70999995,2993,56674,30077,623,770,mainlib,8.970000267,838,C7H16O
1129,Benzyl alcohol,Unknown,,,FALSE,0,22.33335977,0.909999936,3309,57127,49215,808,869,mainlib,22.56999969,1036,C7H8O
1121,"Octane, 1-chloro-",Unknown,,,FALSE,0,23.41669303,3.209999775,3320,57698,59077,844,859,mainlib,40.97000122,1059,C8H17Cl
881,"Propanoic acid, 2-methyl-, (dodecahydro-6a-hydroxy-9a-methyl-3-methylene-2,9-dioxoazuleno[4,5-b]furan-6-yl)methyl ester, [3aS-(3aα,6ß,6aα,9aß,9bα)]-",Unknown,,,FALSE,0,42.33335837,0.849999941,5118,58047,7396,620,621,mainlib,11.28999996,,C19H26O6
883,"Benzeneacetaldehyde, α-methyl-4-(2-methylpropyl)-",Unknown,,,FALSE,0,34.33335893,0.759999947,5177,58092,150577,638,712,mainlib,5.210000038,,C13H18O
751,"1,5-Cyclooctadiene, 1,6-dichloro-",Natural Marine,,m_not_marine,TRUE,0,34.33335893,0.939999934,6351,58479,58127,820,899,mainlib,85.44999695,,C8H10Cl2
1472,Cyclohexanone,Unknown,,,FALSE,0,16.16669354,2.609999817,2122,59054,19575,759,825,mainlib,41.24000168,894,C6H10O
1385,Benzyl nitrile,Unknown,,,FALSE,0,26.58335947,1.579999889,2358,59100,97221,827,845,mainlib,21.13999939,1144,C8H7N
689,"1,1'-Biphenyl, 3-methyl-",Unknown,,,FALSE,0,38.83335862,0.829999942,7462,59492,157207,870,887,mainlib,40.31999969,1486,C13H12
1543,Succinimide,Unknown,,marine?,TRUE,0,26.16669284,2.319999838,1962,59593,71756,818,854,mainlib,68.05999756,,C4H5NO2
977,"Carbonic acid, prop-1-en-2-yl undecyl ester",Unknown,,,FALSE,0,46.50002475,0.989999931,4501,59620,23975,718,843,mainlib,5.860000134,1696,C15H28O3
1435,Benzaldehyde,Unknown,,,FALSE,0,19.25002665,3.109999782,2225,59889,47131,855,891,mainlib,53.95000076,962,C7H6O
1132,6-Cyano-1-hexene,Unknown,,marine?,TRUE,0,19.58335996,1.679999882,3386,60138,2101,837,868,mainlib,72.20999908,,C7H11N
1574,3-Hexenedinitrile,Unknown,,,FALSE,0,23.00002639,3.899999727,1884,60590,31980,774,897,mainlib,76.01999664,,C6H6N2
624,"Oxirane, dodecyl-",Unknown,,,FALSE,0,30.66669252,0.549999962,7814,61013,2443,728,773,mainlib,3.880000114,,C14H28O
1035,α-acorenol,Unknown,,,FALSE,0,36.50002545,0.639999955,4067,61287,99931,770,801,mainlib,4.849999905,,C15H26O
1093,"Benzenesulfonamide, N-ethyl-2-methyl-",Marine Contaminant,Acutely Toxic,m_not_marine,TRUE,0,43.66669161,2.069999855,3414,61688,62543,810,827,mainlib,82.13999939,,C9H13NO2S
1030,"2-(1,1-Dimethylethyl)-5-oxohexanal",Unknown,,,FALSE,0,31.5000258,0.979999931,3873,62006,27941,744,786,mainlib,12.85999966,,C10H18O2
1085,"2-Undecanone, 6,10-dimethyl-",Unknown,,,FALSE,0,36.00002548,1.059999926,3493,63583,27986,794,833,mainlib,38.11999893,1408,C13H26O
1307,"Phenol, 2-methoxy-",Unknown,,,FALSE,0,24.50002629,1.049999927,2648,63778,86307,700,781,mainlib,14.14000034,1090,C7H8O2
1408,"cis-1,3-Cyclohexanedicarbonitrile",Unknown,,,FALSE,0,40.41669184,1.689999882,2278,63902,18751,617,781,mainlib,13.31000042,,C8H10N2
725,"Benzothiazole, 2-butyl-",Unknown,,,FALSE,0,40.0000252,0.809999943,6495,63970,138639,647,660,mainlib,40.93999863,,C11H13NS
559,"Indan, 6-tert-butyl-4-ethyl-1,1-dimethyl-",Unknown,,,FALSE,0,40.83335848,0.769999946,10581,64261,193031,734,752,mainlib,34.02000046,,C17H26
1347,"Silane, trimethyl-2-thienyl-",Unknown,,,FALSE,0,38.33335865,1.849999871,2499,65918,129007,686,855,mainlib,45.20000076,,C7H12SSi
1115,3-(2-Methyl-propenyl)-1H-indene,Unknown,,,FALSE,0,41.25002511,0.939999934,3519,66050,145358,720,758,mainlib,33.77999878,,C13H14
976,1-Bromo-3-(2-bromoethyl)-nonane,Unknown,,,FALSE,0,38.25002532,1.259999912,4469,66174,2701,649,684,mainlib,29.95000076,,C11H22Br2
658,Dodecanal,Unknown,,,FALSE,0,31.75002578,0.99999993,7574,66758,3047,797,828,mainlib,7.730000019,1409,C12H24O
1410,"3,5-Dimethoxybenzaldehyde",Unknown,,,FALSE,0,37.16669207,1.319999908,2317,66834,155377,766,789,mainlib,52.40000153,,C9H10O3
1142,Nonane,Unknown,,,FALSE,0,16.50002685,1.599999888,3209,66848,7675,805,851,mainlib,17.48999977,900,C9H20
1429,"Octane, 1-chloro-",Unknown,,,FALSE,0,23.41669303,2.14999985,2262,67113,59077,803,819,mainlib,33.72000122,1059,C8H17Cl
1384,"Hexane-2,6-di(isonitrile), 1-(formyloxymethyl)-",Unknown,,,FALSE,0,39.83335855,1.689999882,2420,67282,18647,655,679,mainlib,9.770000458,,C9H12N2O2
974,"2,5-Cyclohexadiene-1,4-dione, 2,6-bis(1,1-dimethylethyl)-",Unknown,,,FALSE,0,38.00002534,1.869999869,4405,68040,165354,792,801,mainlib,62.22000122,1471,C14H20O2
822,1-Decene,Unknown,,,FALSE,0,20.50002657,2.169999848,5369,68622,22306,857,879,mainlib,6.809999943,989,C10H20
802,"Disulfide, bis(1,1,3,3-tetramethylbutyl)",Unknown,,,FALSE,0,32.25002574,0.809999943,5737,69805,23748,697,769,mainlib,27.12000084,,C16H34S2
931,8-Nonene-1-nitrile,Unknown,,m_not_marine,TRUE,0,27.91669271,1.519999894,4701,69857,19481,867,882,mainlib,87.58000183,,C9H15N
1266,"2-Propanone, 1,3-diphenyl-",Unknown,,,FALSE,0,47.08335804,1.249999913,2852,69951,61582,807,872,mainlib,59.97000122,,C15H14O
1196,"Propanedinitrile, (1-methylethylidene)-",Unknown,,,FALSE,0,23.00002639,3.369999764,3016,69990,166,736,758,mainlib,23.28000069,,C6H6N2
1453,Pentanamide,Unknown,,,FALSE,0,33.83335897,1.629999886,2216,71822,29836,752,843,mainlib,55.18000031,918,C5H11NO
944,1-Butoxy-2-propanol acetate,Unknown,,,FALSE,0,25.33335956,0.909999936,4699,72120,7775,790,852,mainlib,64.87000275,,C9H18O3
1130,"2,2-Dimethylindene, 2,3-dihydro-",Unknown,,,FALSE,0,41.16669179,1.169999918,3377,72722,115944,725,840,mainlib,28.65999985,,C11H14
1138,α-Methylstyrene,Unknown,,,FALSE,0,20.08335993,2.089999854,3275,73351,98329,807,843,mainlib,17.90999985,976,C9H10
775,Falcarinol,Unknown,,,FALSE,0,43.66669161,0.679999952,5566,73419,20979,669,689,mainlib,16.5,2040,C17H24O
1023,"1,2-Benzisothiazole",Unknown,,,FALSE,0,30.0000259,1.229999914,4070,76091,120243,747,912,mainlib,36.25999832,1221,C7H5NS
1355,"Pentane, 2-bromo-4-methyl-",Unknown,,,FALSE,0,19.66669329,1.169999918,2466,76209,6278,639,730,mainlib,13.09000015,938,C6H13Br
474,"Tridecane, 4-methyl-",Unknown,,,FALSE,0,34.50002559,0.529999963,16904,76934,7865,840,889,mainlib,15.01000023,1359,C14H30
923,"3-(Benzylthio)acrylic acid, methyl ester",Unknown,,,FALSE,0,45.66669147,0.819999943,5105,77093,63626,660,673,mainlib,28.79999924,,C11H12O2S
1048,"Naphthalene, 2,3,6-trimethyl-",Unknown,,,FALSE,0,40.75002515,0.889999938,3899,77124,159116,802,836,mainlib,30.03000069,1541,C13H14
1195,"Propanedinitrile, (1-methylethylidene)-",Unknown,,,FALSE,0,22.91669306,3.389999763,2967,77511,166,726,746,mainlib,29.93000031,,C6H6N2
943,1-Decene,Unknown,,,FALSE,0,20.50002657,2.909999796,4578,77973,22306,868,885,mainlib,6.650000095,989,C10H20
955,"Phenanthrene, 9,10-dihydro-1-methyl-",Unknown,,,FALSE,0,46.16669144,0.85999994,4452,79052,166882,677,726,mainlib,17.48999977,1795,C15H14
1128,Benzeneacetaldehyde,Unknown,,,FALSE,0,22.75002641,1.249999913,3456,82201,60626,747,832,mainlib,16.5,1045,C8H8O
1125,"2(1H)-Naphthalenone, 3,4,4a,5,6,7,8,8aα-octahydro-5α-hydroxy-4aα,7,7-trimethyl-, acetate",Unknown,,,FALSE,0,45.41669149,1.4299999,3315,82909,13183,669,695,mainlib,13.77999973,,C15H24O3
805,n-Decanoic acid,Unknown,,,FALSE,0,34.50002559,0.839999941,5757,85017,30954,701,797,mainlib,38.09000015,1373,C10H20O2
1033,1-Decene,Unknown,,,FALSE,0,20.50002657,1.829999872,4033,85433,22306,863,899,mainlib,8.569999695,989,C10H20
893,"2-Undecenal, E-",Unknown,,,FALSE,0,34.75002557,1.209999915,5074,86092,3524,834,858,mainlib,30.13999939,1365,C11H20O
965,Isoshyobunone,Unknown,,,FALSE,0,38.25002532,1.14999992,4469,86379,3907,737,758,mainlib,20.25,1520,C15H24O
1488,"Propanedinitrile, propylidene-",Unknown,,,FALSE,0,26.25002616,3.869999729,1979,86635,193,703,759,mainlib,26.48999977,,C6H6N2
698,Dibenzofuran,Natural Marine,,maybe_marine_contam,TRUE,0,39.91669187,0.979999931,6748,86882,157036,843,873,mainlib,45.20999908,1514,C12H8O
1104,Octanoic acid,Unknown,,,FALSE,0,26.16669284,0.959999933,3447,87273,30962,717,755,mainlib,21.72999954,1180,C8H16O2
800,"5-Hexenenitrile, 2-methyl-",Unknown,,,FALSE,0,24.50002629,1.599999888,5451,87439,19001,684,749,mainlib,7.690000057,848,C7H11N
510,Limonene,Natural Marine,Limonene,,TRUE,0,22.16669312,0.539999962,13863,87900,-1,-1,-1,-,-1,,-
1153,"Propanedinitrile, propylidene-",Unknown,,,FALSE,0,22.75002641,3.489999756,3212,88314,193,725,771,mainlib,31.56999969,,C6H6N2
984,"1H-Indazole, 3-methyl-",Unknown,,,FALSE,0,29.0833593,1.239999913,4439,88796,116615,723,808,mainlib,17.53000069,,C8H8N2
978,"Azetidine, 3-methyl-3-phenyl-",Unknown,,,FALSE,0,20.08335993,1.889999868,4432,88911,98334,869,900,mainlib,27.42000008,,C10H13N
951,"2-(3,3-Dimethyl-but-1-ynyl)-2,6,6-trimethyl-cyclohexane-1,4-dione",Unknown,,,FALSE,0,26.83335946,0.789999945,4814,88942,84101,645,676,mainlib,14.02999973,,C15H22O2
949,1-Octen-3-one,Unknown,,,FALSE,0,19.91669327,1.079999924,4586,91153,20325,749,897,mainlib,61.66999817,979,C8H14O
676,Heptanal,Unknown,,,FALSE,0,16.58336017,1.089999924,7278,91369,37042,838,861,mainlib,63.99000168,901,C7H14O
879,"1,4:3,6-Dianhydro-α-d-glucopyranose",Unknown,,m_not_marine,TRUE,0,29.41669261,1.359999905,5238,92008,33948,832,877,mainlib,75.91999817,1207,C6H8O4
527,"Nonane, 1-chloro-",Unknown,,,FALSE,0,27.5833594,0.679999952,12986,92644,10202,854,868,mainlib,28.62999916,1159,C9H19Cl
776,1-Chloroundecane,Unknown,,,FALSE,0,23.50002636,0.519999964,5778,94283,2528,762,817,mainlib,12.90999985,1357,C11H23Cl
576,trans-1-Phenyl-1-pentene,Unknown,,,FALSE,0,29.91669257,0.71999995,9524,97590,97340,625,893,mainlib,40.43000031,1205,C11H14
1222,N(N'-Methyl-N'-nitroso(aminomethyl))benzamide,Unknown,,,FALSE,0,27.66669273,1.13999992,3084,98437,78691,760,814,mainlib,6.989999771,,C9H11N3O2
1055,Nonanoic acid,Unknown,,,FALSE,0,30.66669252,0.879999938,3981,98585,30970,791,810,mainlib,64.12000275,1273,C9H18O2
550,"Naphthalene, 1-methyl-",Unknown,,,FALSE,0,33.16669235,0.889999938,11048,99256,130169,862,869,mainlib,27.76000023,1307,C11H10
1060,"Pentanoic acid, 2,2,4-trimethyl-3-hydroxy-, isobutyl ester",Unknown,,,FALSE,0,34.33335893,1.179999917,3884,100059,6046,675,734,mainlib,19.82999992,,C12H24O3
589,"Octane, 1-iodo-",Unknown,,,FALSE,0,30.33335921,0.669999953,9197,100365,24238,757,850,mainlib,28.04999924,1238,C8H17I
1165,3-Hexenedinitrile,Unknown,,,FALSE,0,39.58335856,1.089999924,3170,100579,31980,566,781,mainlib,7.710000038,,C6H6N2
1043,"Silanediamine, 1,1-dimethyl-N,N'-diphenyl-",Unknown,,,FALSE,0,19.91669327,1.009999929,3834,102987,65957,793,838,mainlib,42.40000153,,C14H18N2Si
661,"1H-Inden-1-one, 2,3-dihydro-",Unknown,,,FALSE,0,31.91669243,1.409999901,7246,104175,77573,683,784,mainlib,16.69000053,1289,C9H8O
1212,7-Pentadecanone,Unknown,,,FALSE,0,44.16669158,0.919999936,3127,104519,6118,771,831,mainlib,47.54000092,,C15H30O
512,"4-benzoxazolol, 7-ethyl-2-methyl-",Unknown,,,FALSE,0,37.25002539,0.809999943,13313,104987,151959,707,805,mainlib,36.56000137,,C10H11NO2
553,"5-Dodecene, (Z)-",Unknown,,,FALSE,0,28.33335935,0.519999964,11216,105042,20168,817,859,mainlib,3.49000001,1176,C12H24
552,"Benzene, heptyl-",Unknown,,,FALSE,0,34.75002557,0.659999954,11339,108381,65201,816,892,mainlib,48.15000153,1368,C13H20
537,"1H-Indene, 2,3-dihydro-1,1,3-trimethyl-3-phenyl-",Unknown,,,FALSE,0,45.50002482,0.779999945,11834,108852,196517,839,852,mainlib,73.38999939,1714,C18H20
680,2-Octanol,Unknown,,,FALSE,0,21.00002653,0.729999949,7069,108861,16978,830,844,mainlib,20.79999924,998,C8H18O
941,Heptanal,Natural Marine,,marine,TRUE,0,16.50002685,2.339999836,4564,110233,37042,841,871,mainlib,74.62999725,901,C7H14O
769,1-Benzoyl-2-methylenehydrazine,Unknown,,,FALSE,0,19.25002665,0.989999931,6067,111299,78998,612,656,mainlib,20.22999954,,C8H8N2O
780,"Cyclopropane, 1-hexyl-2-methyl-",Unknown,,,FALSE,0,20.50002657,2.089999854,5698,112198,22308,853,875,mainlib,6.980000019,963,C10H20
726,Enanthamide,Unknown,,,FALSE,0,34.08335895,1.589999889,6598,114771,29848,816,842,mainlib,33.68999863,,C7H15NO
794,"4-Nonenal, (E)-",Unknown,,,FALSE,0,24.91669292,0.969999932,5780,115234,2884,766,858,mainlib,32.93999863,1105,C9H16O
463,"Benzene, pentyl-",Natural Marine,,maybe_marine_contam,FALSE,0,27.33335942,0.639999955,18271,115315,60648,882,887,mainlib,19.65999985,1157,C11H16
586,"3,5-Decadiene, 2,2-dimethyl-, (Z,Z)-",Unknown,,,FALSE,0,31.41669247,0.849999941,8719,115811,26114,730,764,mainlib,32.54999924,,C12H22
695,1-Phenoxypropan-2-ol,Marine Contaminant,,m_not_marine,TRUE,0,30.58335919,0.99999993,6944,118699,67106,840,869,mainlib,46.08000183,1246,C9H12O2
1018,"Benzoic acid, 2-(hydroxymethyl)-",Unknown,,,FALSE,0,34.16669228,2.219999845,4176,119813,81110,870,882,mainlib,32.72999954,,C8H8O3
884,"3-(Diethylamino)-1,2-propanediol",Unknown,,,FALSE,0,19.16669333,1.499999895,5000,121891,55695,626,669,mainlib,23.29000092,,C7H17NO2
991,d-Mannose,Unknown,,,FALSE,0,26.33335949,0.949999934,4423,124702,41111,602,614,mainlib,16.34000015,,C6H12O6
461,Nonane,Unknown,,,FALSE,0,16.50002685,0.459999968,18101,125272,7675,874,886,mainlib,25.98999977,900,C9H20
1119,"Cyclopentanecarbonitrile, 2-imino-",Unknown,,,FALSE,0,40.33335851,1.819999873,3408,125300,83999,648,675,mainlib,32.41999817,,C6H8N2
480,"Azetidine, 3-methyl-3-phenyl-",Unknown,,m_not_marine,TRUE,0,20.08335993,0.699999951,15096,125702,98334,848,913,mainlib,61.79000092,,C10H13N
532,3-Octanol,Natural Marine,,marine?,TRUE,0,20.83335988,0.70999995,12401,125869,29939,894,928,mainlib,75.76000214,994,C8H18O
653,"Phenol, 3-methyl-",Unknown,,,FALSE,0,23.08335972,0.779999945,7418,125902,85103,882,888,mainlib,34.59999847,1075,C7H8O
706,"2(3H)-Furanone, dihydro-5-pentyl-",Unknown,,,FALSE,0,34.58335891,2.159999849,6738,126653,54554,849,852,mainlib,38.29999924,1363,C9H16O2
577,2-Octanone,Unknown,,,FALSE,0,20.41669324,1.179999917,9008,127701,8055,807,817,mainlib,37.40000153,990,C8H16O
574,1-Nonanol,Natural Marine,,marine?,TRUE,0,27.83335939,0.739999948,9545,127868,22328,902,908,mainlib,23.19000053,1173,C9H20O
568,"Furan, 2-[(2-ethoxy-3,4-dimethyl-2-cyclohexen-1-ylidene)methyl]-",Unknown,,,FALSE,0,42.16669172,0.909999936,10119,129031,201842,718,767,mainlib,15.73999977,,C15H20O2
683,"2-Propanol, 1-butoxy-",Unknown,,,FALSE,0,18.33336005,0.829999942,7230,131050,17027,836,857,mainlib,50.36999893,945,C7H16O2
567,"Ethanone, 1-(3-methylphenyl)-",Unknown,,,FALSE,0,28.41669268,1.299999909,9739,133410,99543,879,890,mainlib,42.65000153,1182,C9H10O
477,Biphenyl,Unknown,,marine_contam- in fb but way more in sample,TRUE,0,35.41669219,0.829999942,15988,133597,143989,885,896,mainlib,28.54000092,1381,C12H10
584,1H-Phenalene,Unknown,,,FALSE,0,42.00002506,0.969999932,8941,137744,154408,803,886,mainlib,54.61000061,,C13H10
731,"Propanoic acid, 2-methyl-, 3-hydroxy-2,2,4-trimethylpentyl ester",Natural Marine,,algae_secretion,TRUE,0,35.00002555,1.119999922,6720,138187,38750,822,836,mainlib,50.63999939,1380,C12H24O3
575,2-Dodecanone,Unknown,,,FALSE,0,35.66669217,1.039999927,9259,138469,27956,837,852,mainlib,43.65000153,1396,C12H24O
609,o-Hydroxybiphenyl,Unknown,,,FALSE,0,39.66669189,0.899999937,8303,139255,159145,772,880,mainlib,42.81999969,1507,C12H10O
1504,"Hex-3-ene-1,6-diol",Unknown,,,FALSE,0,25.08335958,4.299999699,1950,143731,33440,679,704,mainlib,9.119999886,,C6H12O2
768,"1H-Tetrazole, 1-methyl-",Unknown,,,FALSE,0,17.41669345,2.929999795,5648,146683,18891,706,778,mainlib,17.20000076,,C2H4N4
1172,"Propanedinitrile, propylidene-",Unknown,,,FALSE,0,22.75002641,3.559999751,3171,148046,193,619,766,mainlib,8.369999886,,C6H6N2
570,"Silane, trimethyl(3-methyl-1-butynyl)-",Unknown,,,FALSE,0,30.75002585,1.379999903,9357,149762,109245,791,845,mainlib,55.72999954,,C8H16Si
535,"Benzene, 1,1'-(1,2-cyclobutanediyl)bis-, trans-",Unknown,,,FALSE,0,46.50002475,0.829999942,12266,150886,77328,807,867,mainlib,32.38000107,1720,C16H16
594,"Naphthalene, 2,6-dimethyl-",Unknown,,,FALSE,0,36.91669208,0.899999937,8681,152511,146171,877,897,mainlib,17.27000046,1401,C12H12
370,"Tetrasiloxane, decamethyl-",Unknown,,,FALSE,0,23.16669305,0.519999964,24242,155966,188653,840,852,mainlib,39.77999878,1028,C10H30O3Si4
833,"1,3-Propanediol, 2-dodecyl",Unknown,,,FALSE,0,27.25002609,0.519999964,5262,156729,2438,776,800,mainlib,3.910000086,,C15H32O2
546,"3-Heptanone, 5-methyl-",Unknown,,,FALSE,0,20.25002658,1.079999924,11357,165450,501,806,862,mainlib,41.63999939,944,C8H16O
529,"Ethanone, 1,2-diphenyl-",Unknown,,,FALSE,0,46.00002478,1.209999915,12148,167200,78638,874,901,mainlib,22.34000015,1537,C14H12O
551,2-Undecanone,Unknown,,,FALSE,0,32.25002574,1.049999927,10960,167468,27955,851,863,mainlib,51.58000183,1294,C11H22O
431,4-Octanone,Natural Marine,,m_not_marine,TRUE,0,19.66669329,1.069999925,20123,167557,7845,878,902,mainlib,69.48000336,976,C8H16O
151,"Benzene, hexyl-",Marine Contaminant,,maybe_marine_contam,FALSE,0,31.16669249,0.649999955,33381,185513,60659,884,889,mainlib,43.47999954,1247,C12H18
497,Tridecanal,Natural Marine,,maybe_marine_metabolite,TRUE,0,39.41669191,0.949999934,13896,197339,24045,898,923,mainlib,27.03000069,1512,C13H26O
496,"2-Decenal, (Z)-",Unknown,,,FALSE,0,31.16669249,1.249999913,13614,200959,2441,875,928,mainlib,39.34999847,1252,C10H18O
468,3-Hydroxy-α-ionene,Unknown,,,FALSE,0,36.08335881,0.899999937,16711,202734,85989,731,751,mainlib,14.93000031,,C13H20O2
664,"Propanedinitrile, (1-methylethylidene)-",Unknown,,,FALSE,0,43.16669165,0.439999969,7047,206093,166,633,664,mainlib,11.64000034,,C6H6N2
341,2-Nonanone,Natural Marine,,marine?,TRUE,0,24.66669294,1.119999922,24712,209481,8056,932,948,mainlib,73.93000031,1092,C9H18O
528,"2,2,6,7-Tetramethyl-10-oxatricyclo[4.3.0.1(1,7)]decan-5-one",Unknown,,,FALSE,0,34.08335895,1.339999906,11925,219120,12884,681,682,mainlib,12.36999989,,C13H20O2
428,"1,15-Pentadecanediol",Unknown,,,FALSE,0,37.33335872,0.579999959,21005,221801,19390,841,905,mainlib,4.010000229,,C15H32O2
613,"3H,4H-Pyrrolo[1,2-a]pyrazine",Unknown,,,FALSE,0,24.08335965,3.669999743,7826,225599,101624,610,622,mainlib,18.14999962,,C7H8N2
458,"2-Nonenal, (Z)-",Natural Marine,,marine,TRUE,0,27.41669275,1.27999991,17441,236268,2062,898,914,mainlib,52.22999954,1148,C9H16O
485,Heptanonitrile,Natural Marine,,m_not_marine,TRUE,0,19.91669327,1.619999887,14841,250347,3679,864,866,mainlib,73.56999969,988,C7H13N
442,7-Octene-1-nitrile,Unknown,,m_not_marine,FALSE,0,23.91669299,1.609999887,18779,251579,21013,870,888,mainlib,87.75,,C8H13N
607,Pentanedinitrile,Natural Marine,,m_not_marine,TRUE,0,23.3333597,4.299999699,8012,255795,2613,884,892,mainlib,92.90000153,,C5H6N2
145,"2-Methoxy-5-methylphenol, 2-methylpropyl ether",Unknown,,,FALSE,0,32.00002576,0.929999935,36281,258875,124810,794,819,mainlib,31.85000038,,C12H18O2
475,Benzonitrile,Unknown,,marine- in fb but way more in sample,TRUE,0,20.25002658,1.539999892,15638,263174,76518,906,910,mainlib,27.51000023,985,C7H5N
506,"5,9-Undecadien-2-one, 6,10-dimethyl-",Unknown,,,FALSE,0,37.41669205,1.019999929,13284,266447,8476,853,889,mainlib,47.65000153,1456,C13H22O
404,"2-Decen-1-ol, (E)-",Unknown,,,FALSE,0,27.75002606,1.019999929,21877,271674,23472,817,831,mainlib,6.130000114,1257,C10H20O
417,Octanoic acid,Natural Marine,,orbitrap,TRUE,0,27.5833594,0.839999941,21557,276406,30962,798,845,mainlib,74.70999908,1180,C8H16O2
454,"Silane, trimethyl(3-methyl-1-butynyl)-",Unknown,,,FALSE,0,33.16669235,1.85999987,17852,277548,109245,734,796,mainlib,24.23999977,,C8H16Si
362,Naphthalene,Marine Contaminant,,m_not_marine,TRUE,0,28.58335933,0.889999938,23711,280725,112554,905,925,mainlib,32.08000183,1182,C10H8
437,"(1R,2R,5R,E)-7-Ethylidene-1,2,8,8-tetramethylbicyclo[3.2.1]octane",Unknown,,,FALSE,0,28.75002599,0.70999995,18706,284552,120376,778,788,mainlib,19.96999931,1345,C14H24
223,Benzophenone,Marine Contaminant,Sunscreen,marine_contam_sunscreen,TRUE,0,43.16669165,1.189999917,28465,298104,79539,894,901,mainlib,26.27000046,1635,C13H10O
323,Styrene,Marine Contaminant,,marine_contam,TRUE,0,16.08336021,0.729999949,24984,298360,77117,833,867,mainlib,32.06000137,893,C8H8
803,"Pentanedinitrile, 2-methyl-",Unknown,,,FALSE,0,39.91669187,1.919999866,5478,301302,33282,671,743,mainlib,25.09000015,,C6H8N2
449,"3,5-Dimethoxy-4-hydroxytoluene",Unknown,,,FALSE,0,39.25002525,1.85999987,17971,301526,157165,625,651,mainlib,9.739999771,1447,C9H12O3
864,"Bicyclo[3.1.0]hex-3-en-2-one, 6,6-diphenyl-",Unknown,,,FALSE,0,43.50002496,4.359999695,5102,313191,208163,836,882,mainlib,34.95000076,,C18H14O
231,Nonanoic acid,Natural Marine,,marine?,TRUE,0,31.16669249,0.849999941,28116,319065,30970,868,872,mainlib,83.83999634,1273,C9H18O2
245,"Benzofuran, 2,3-dihydro-2,2,4,6-tetramethyl-",Unknown,,,FALSE,0,38.58335863,0.789999945,27387,319262,150985,838,844,mainlib,34.81000137,,C12H16O
148,Cyclodecanone,Unknown,,,FALSE,0,27.5833594,0.939999934,33256,330463,19487,756,761,mainlib,4.300000191,1385,C10H18O
473,3-tert-Butyl-2-pyrazolin-5-one,Unknown,,,FALSE,0,39.66669189,2.629999816,15745,332761,109766,695,719,mainlib,19.38999939,,C7H12N2O
133,"2-Propenoic acid, 2-methyl-, 3,3,5-trimethylcyclohexyl ester",Unknown,,,FALSE,0,34.16669228,0.85999994,43605,373976,85790,883,895,mainlib,74.61000061,,C13H22O2
136,"1-Cyclohexene-1-carboxaldehyde, 2,6,6-trimethyl-",Unknown,,m_not_marine,TRUE,0,29.75002592,1.14999992,41483,409954,4060,899,911,mainlib,61.20000076,1220,C10H16O
127,2-Decanone,Natural Marine,,marine,TRUE,0,28.58335933,1.089999924,46606,427011,27978,903,917,mainlib,72.5,1193,C10H20O
466,"Benzothiazole, 2-methyl-",Unknown,,,FALSE,0,32.50002573,0.889999938,16745,473103,137712,736,819,mainlib,62.75999832,1281,C8H7NS
605,"3H,4H-Pyrrolo[1,2-a]pyrazine",Unknown,,,FALSE,0,23.91669299,3.769999736,8110,474651,101624,640,658,mainlib,41.52000046,,C7H8N2
455,Dimethyl sulfone,Unknown,,,TRUE,0,17.5833601,4.269999701,17470,485382,48446,935,936,mainlib,94.69999695,922,C2H6O2S
105,"Tridecane, 3-methylene-",Unknown,,,FALSE,0,35.41669219,0.549999962,71131,499125,37325,860,875,mainlib,20.75,1407,C14H28
144,Benzoic acid,Natural Marine,,marine?- in fb but much higher,TRUE,0,27.33335942,0.949999934,37313,515981,80983,886,899,mainlib,16.07999992,1170,C7H6O2
457,"Pentanedinitrile, 2-methyl-",Unknown,,,FALSE,0,24.08335965,4.249999703,17019,519741,33282,874,882,mainlib,60.88999939,,C6H8N2
146,4-Octanol,Unknown,,,FALSE,0,20.58335989,0.71999995,36176,526310,34980,868,872,mainlib,64.59999847,978,C8H18O
116,Cycloundecene (Z),Unknown,,,FALSE,0,26.08335951,0.549999962,59252,533573,3181,858,868,mainlib,18.31999969,1223,C11H20
243,"Pentanedinitrile, 2-methylene-",Unknown,,m_not_marine,TRUE,0,23.41669303,3.689999742,25615,661103,32023,883,908,mainlib,90.84999847,1023,C6H6N2
128,Octadecanal,Unknown,,,FALSE,0,45.41669149,0.939999934,46558,732982,6105,855,878,mainlib,12.10999966,2021,C18H36O
113,"3,5-di-tert-Butyl-4-hydroxybenzaldehyde",Marine Contaminant,,maybe_marine_contam,FALSE,0,46.6666914,1.389999903,57811,802755,195580,881,899,mainlib,64.01000214,1772,C15H22O2
102,Decanenitrile,Unknown,,,FALSE,0,28.1666927,1.449999899,75405,828875,2053,889,895,mainlib,37.06000137,1286,C10H19N
109,Dodecanal,Natural Marine,,marine,TRUE,0,36.16669214,0.969999932,62562,895169,3047,940,966,mainlib,50.93000031,1409,C12H24O
27,"Octane, 1-chloro-",Natural Marine,,marine,TRUE,0,23.50002636,0.689999952,143267,970145,59077,893,896,mainlib,52.68999863,1059,C8H17Cl
86,Octanal,Natural Marine,,marine,TRUE,0,21.08335986,1.049999927,99062,1123363,6679,878,879,mainlib,44.38000107,1003,C8H16O
78,Octanenitrile,Unknown,,marine?,TRUE,0,24.2500263,1.519999894,102190,1363896,51047,912,913,mainlib,47.13999939,1082,C8H15N
64,Decanal,Natural Marine,,marine,TRUE,0,29.0833593,0.99999993,114625,1762121,6100,924,926,mainlib,45.63999939,1206,C10H20O
97,Benzothiazole,Natural Marine,,orbitrap,TRUE,0,30.0000259,0.959999933,84897,1847606,120245,916,916,mainlib,70.33000183,1229,C7H5NS
21,"2,5-Cyclohexadiene-1,4-dione, 2,6-bis(1,1-dimethylethyl)-",Unknown,,,FALSE,0,38.00002534,1.309999908,207062,3275175,165354,888,894,mainlib,62.47000122,1471,C14H20O2
